,Player,Season,Team,Name,GP,TOI,OZS,NZS,DZS,OZS%,DZS%,NZS%,ZSR,iFOW,iFOL,iFO%,iPENT2,iPENT5,iPENT,iPEND2,iPEND5,iPEND,iPENT/60,iPEND/60,iGVA,iTKA,iGVA/60,iTKA/60,iHF,iHA,iH+/-,iHF/60,iHA/60,VEGAS
43,BEN.LOVEJOY,2016-2017,N.J,,82,1370.8,269,481,574,20.32,43.35,36.33,0.32,0,0,NA,13,0,13,4,0,4,0.57,0.18,32,14,1.4,0.61,71,116,-45,3.11,5.08,
71,BRIAN.GIONTA,2016-2017,BUF,,82,1063.17,261,387,399,24.93,38.11,36.96,0.4,19,38,33.33,10,0,10,7,0,7,0.56,0.4,20,19,1.13,1.07,50,66,-16,2.82,3.72,
82,CALVIN.DE HAAN,2016-2017,NYI,,82,1380.82,361,457,398,29.69,32.73,37.58,0.48,0,0,NA,12,1,13,9,1,10,0.56,0.43,47,21,2.04,0.91,125,108,17,5.43,4.69,
93,CHRIS.KELLY,2016-2017,OTT,,82,792.26,239,273,223,32.52,30.34,37.14,0.52,175,195,47.3,6,1,7,5,1,6,0.53,0.45,21,14,1.59,1.06,69,49,20,5.23,3.71,
141,DEREK.MACKENZIE,2016-2017,FLA,,82,813.55,177,282,323,22.63,41.3,36.06,0.35,287,263,52.18,13,2,15,16,2,18,1.11,1.33,19,25,1.4,1.84,179,54,125,13.2,3.98,
150,DOMINIC.MOORE,2016-2017,BOS,,82,850.5,206,243,302,27.43,40.21,32.36,0.41,283,222,56.04,20,0,20,11,0,11,1.41,0.78,24,25,1.69,1.76,57,71,-14,4.02,5.01,
164,ERIC.STAAL,2016-2017,MIN,,82,1146.29,351,391,354,32.03,32.3,35.68,0.5,452,476,48.71,13,0,13,14,0,14,0.68,0.73,21,40,1.1,2.09,38,53,-15,1.99,2.77,
193,JACK.JOHNSON,2016-2017,CBJ,,82,1484.28,411,469,609,27.6,40.9,31.5,0.4,1,0,100,14,0,14,11,0,11,0.57,0.44,23,13,0.93,0.53,81,97,-16,3.27,3.92,
205,JAMES.VAN RIEMSDYK,2016-2017,TOR,,82,1059.02,443,320,348,39.87,31.32,28.8,0.56,1,3,25,11,1,12,12,1,13,0.68,0.74,19,36,1.08,2.04,56,103,-47,3.17,5.84,
211,JAROMIR.JAGR,2016-2017,FLA,,82,1129.59,379,392,311,35.03,28.74,36.23,0.55,1,1,50,20,0,20,15,0,15,1.06,0.8,34,40,1.81,2.12,20,80,-60,1.06,4.25,
212,JASON.CHIMERA,2016-2017,NYI,,82,938.25,260,330,285,29.71,32.57,37.71,0.48,10,12,45.45,12,2,14,5,2,7,0.9,0.45,25,16,1.6,1.02,143,84,59,9.14,5.37,
224,JOAKIM.NORDSTROM,2016-2017,CAR,,82,877.58,228,285,233,30.56,31.23,38.2,0.49,8,16,33.33,4,1,5,9,1,10,0.34,0.68,19,20,1.3,1.37,140,112,28,9.57,7.66,
253,JOSH.BAILEY,2016-2017,NYI,,82,1185.64,478,387,288,41.46,24.98,33.56,0.62,1,2,33.33,5,0,5,8,0,8,0.25,0.4,44,48,2.23,2.43,34,64,-30,1.72,3.24,
256,JOSH.MANSON,2016-2017,ANA,,82,1286.17,383,420,407,31.65,33.64,34.71,0.48,0,0,NA,22,3,25,12,3,15,1.17,0.7,48,18,2.24,0.84,175,119,56,8.16,5.55,
270,KARL.ALZNER,2016-2017,WSH,,82,1310.8,382,548,426,28.17,31.42,40.41,0.47,0,0,NA,12,0,12,6,0,6,0.55,0.27,36,10,1.65,0.46,86,102,-16,3.94,4.67,
294,LEE.STEMPNIAK,2016-2017,CAR,,82,1108.53,369,347,249,38.24,25.8,35.96,0.6,3,5,37.5,17,0,17,12,0,12,0.92,0.65,41,53,2.22,2.87,106,106,0,5.74,5.74,
468,TJ.BRODIE,2016-2017,CGY,,82,1431.38,436,492,489,30.77,34.51,34.72,0.47,0,0,NA,8,0,8,13,0,13,0.34,0.54,61,38,2.56,1.59,22,70,-48,0.92,2.93,
476,TOM.PYATT,2016-2017,OTT,,82,1040.27,303,423,359,27.93,33.09,38.99,0.46,15,17,46.88,7,0,7,11,0,11,0.4,0.63,14,25,0.81,1.44,45,118,-73,2.6,6.81,
481,TREVOR.LEWIS,2016-2017,L.A,,82,1022.56,336,344,287,34.75,29.68,35.57,0.54,34,52,39.53,13,0,13,6,0,6,0.76,0.35,11,14,0.65,0.82,167,151,16,9.8,8.86,
12,ALEX.CHIASSON,2016-2017,CGY,,81,933.2,330,305,246,37.46,27.92,34.62,0.57,7,21,25,11,1,12,5,1,6,0.77,0.39,19,29,1.22,1.86,69,88,-19,4.44,5.66,
75,BROCK.NELSON,2016-2017,NYI,,81,1018.6,263,318,291,30.16,33.37,36.47,0.47,278,377,42.44,15,0,15,20,0,20,0.88,1.18,36,38,2.12,2.24,42,72,-30,2.47,4.24,
103,CHRIS.VANDEVELDE,2016-2017,PHI,,81,715.51,155,218,179,28.08,32.43,39.49,0.46,18,14,56.25,4,0,4,10,0,10,0.34,0.84,9,10,0.75,0.84,108,124,-16,9.06,10.4,
187,IAN.COLE,2016-2017,PIT,,81,1366.02,421,493,414,31.7,31.17,37.12,0.5,0,0,NA,22,2,24,11,2,13,1.05,0.57,42,24,1.84,1.05,145,206,-61,6.37,9.05,
213,JASON.DEMERS,2016-2017,FLA,,81,1260.55,390,517,391,30.05,30.12,39.83,0.5,0,1,0,18,1,19,8,1,9,0.9,0.43,29,14,1.38,0.67,90,88,2,4.28,4.19,
216,JAY.BEAGLE,2016-2017,WSH,,81,832.35,175,310,374,20.37,43.54,36.09,0.32,444,336,56.92,9,0,9,10,0,10,0.65,0.72,20,6,1.44,0.43,53,53,0,3.82,3.82,
331,MATT.MOULSON,2016-2017,BUF,,81,760.72,252,237,214,35.85,30.44,33.71,0.54,1,2,33.33,2,0,2,5,0,5,0.16,0.39,10,18,0.79,1.42,34,26,8,2.68,2.05,
334,MATT.STAJAN,2016-2017,CGY,,81,856.3,162,275,297,22.07,40.46,37.47,0.35,316,297,51.55,19,0,19,8,0,8,1.33,0.56,19,24,1.33,1.68,59,35,24,4.13,2.45,
394,PATRICK.MARLEAU,2016-2017,S.J,,81,1085.79,339,387,324,32.29,30.86,36.86,0.51,92,82,52.87,10,0,10,10,0,10,0.55,0.55,37,40,2.04,2.21,78,86,-8,4.31,4.75,
414,RADIM.VRBATA,2016-2017,ARI,,81,1063.27,335,382,447,28.78,38.4,32.82,0.43,7,22,24.14,4,0,4,4,0,4,0.23,0.23,23,27,1.3,1.52,44,41,3,2.48,2.31,
432,SAM.GAGNER,2016-2017,CBJ,,81,860.2,251,221,239,35.3,33.61,31.08,0.51,140,156,47.3,8,0,8,8,0,8,0.56,0.56,23,17,1.6,1.19,18,58,-40,1.26,4.05,
23,ANDREJ.SUSTR,2016-2017,T.B,,80,1211.98,255,410,446,22.95,40.14,36.9,0.36,0,1,0,18,1,19,3,1,4,0.94,0.2,40,13,1.98,0.64,41,97,-56,2.03,4.8,
64,BRENDEN.DILLON,2016-2017,S.J,,80,1229.48,366,427,310,33.18,28.11,38.71,0.54,0,0,NA,16,4,20,8,4,12,0.98,0.59,33,10,1.61,0.49,164,120,44,8,5.86,
69,BRIAN.CAMPBELL,2016-2017,CHI,,80,1302.53,356,448,312,31.9,27.96,40.14,0.53,0,0,NA,8,0,8,7,0,7,0.37,0.32,52,11,2.4,0.51,41,148,-107,1.89,6.82,
115,COLTON.SCEVIOUR,2016-2017,FLA,,80,913.5,224,329,288,26.63,34.24,39.12,0.44,25,19,56.82,8,1,9,4,1,5,0.59,0.33,18,31,1.18,2.04,106,81,25,6.96,5.32,
155,DUSTIN.BROWN,2016-2017,L.A,,80,1022.53,366,374,302,35.12,28.98,35.89,0.55,2,2,50,9,0,9,20,0,20,0.53,1.17,21,18,1.23,1.06,170,142,28,9.98,8.33,
156,DWIGHT.KING,2016-2017,MTL,,80,1011.45,325,327,274,35.1,29.59,35.31,0.54,4,10,28.57,5,0,5,2,0,2,0.3,0.12,17,13,1.01,0.77,116,102,14,6.88,6.05,
169,FRANCOIS.BEAUCHEMIN,2016-2017,COL,,80,1339.5,408,399,474,31.85,37,31.15,0.46,0,0,NA,10,0,10,5,0,5,0.45,0.22,37,24,1.66,1.08,65,42,23,2.91,1.88,
268,JUSTIN.WILLIAMS,2016-2017,WSH,,80,1017.58,314,346,219,35.72,24.91,39.36,0.59,18,21,46.15,21,0,21,14,0,14,1.24,0.83,37,30,2.18,1.77,24,119,-95,1.42,7.02,
279,KEVIN.SHATTENKIRK,2016-2017,WSH,,80,1242.29,433,377,314,38.52,27.94,33.54,0.58,0,0,NA,18,1,19,2,1,3,0.92,0.14,33,23,1.59,1.11,83,107,-24,4.01,5.17,
356,MIKKEL.BOEDKER,2016-2017,S.J,,80,929.08,307,344,251,34.04,27.83,38.14,0.55,3,6,33.33,3,0,3,11,0,11,0.19,0.71,26,25,1.68,1.61,65,66,-1,4.2,4.26,
368,NICK.BONINO,2016-2017,PIT,,80,963.85,252,325,335,27.63,36.73,35.64,0.43,435,449,49.21,4,0,4,5,0,5,0.25,0.31,20,24,1.25,1.49,55,77,-22,3.42,4.79,
401,PAUL.MARTIN,2016-2017,S.J,,80,1347.75,465,463,350,36.38,27.39,36.23,0.57,0,0,NA,10,0,10,1,0,1,0.45,0.04,51,32,2.27,1.42,39,85,-46,1.74,3.78,
419,RILEY.SHEAHAN,2016-2017,DET,,80,935.15,248,322,290,28.84,33.72,37.44,0.46,208,203,50.61,6,0,6,4,0,4,0.38,0.26,20,19,1.28,1.22,79,96,-17,5.07,6.16,
76,BROOKS.ORPIK,2016-2017,WSH,,79,1184.07,373,369,294,36,28.38,35.62,0.56,0,0,NA,11,2,13,7,2,9,0.66,0.46,28,5,1.42,0.25,155,123,32,7.85,6.23,
86,CARL.SODERBERG,2016-2017,COL,,79,912.41,251,271,283,31.18,35.16,33.66,0.47,329,289,53.24,4,0,4,12,0,12,0.26,0.79,17,29,1.12,1.91,29,72,-43,1.91,4.73,
96,CHRIS.STEWART,2016-2017,MIN,,79,804.03,264,252,173,38.32,25.11,36.57,0.6,2,9,18.18,14,10,24,9,10,19,1.79,1.42,15,15,1.12,1.12,85,46,39,6.34,3.43,
125,DAN.HAMHUIS,2016-2017,DAL,,79,1213.25,378,405,393,32.14,33.42,34.44,0.49,0,0,NA,8,1,9,6,1,7,0.45,0.35,34,13,1.68,0.64,77,88,-11,3.81,4.35,
210,JAROME.IGINLA,2016-2017,L.A,,79,976.55,309,326,311,32.66,32.88,34.46,0.5,14,11,56,18,4,22,11,4,15,1.35,0.92,21,22,1.29,1.35,104,61,43,6.39,3.75,
393,PATRICK.EAVES,2016-2017,ANA,,79,1010.15,347,397,372,31.09,33.33,35.57,0.48,2,2,50,9,0,9,17,0,17,0.53,1.01,12,25,0.71,1.48,80,61,19,4.75,3.62,
120,CRAIG.SMITH,2016-2017,NSH,,78,965.4,359,306,238,39.76,26.36,33.89,0.6,41,51,44.57,12,0,12,12,0,12,0.75,0.75,31,31,1.93,1.93,92,84,8,5.72,5.22,
231,JOE.THORNTON,2016-2017,S.J,,78,1077.43,386,392,322,35.09,29.27,35.64,0.55,258,258,50,12,0,12,12,0,12,0.67,0.67,57,55,3.17,3.06,49,46,3,2.73,2.56,
251,JOSH.ANDERSON,2016-2017,CBJ,,78,903.63,277,261,322,32.21,37.44,30.35,0.46,8,19,29.63,28,4,32,21,3,24,2.12,1.59,16,24,1.06,1.59,146,85,61,9.69,5.64,
438,SCOTT.WILSON,2016-2017,PIT,,78,816.39,202,275,282,26.61,37.15,36.23,0.42,3,0,100,7,2,9,20,2,22,0.66,1.62,10,19,0.73,1.4,167,169,-2,12.27,12.42,
472,TOMAS.PLEKANEC,2016-2017,MTL,,78,1029.85,296,425,432,25.67,37.47,36.86,0.41,561,477,54.05,8,0,8,9,0,9,0.47,0.52,24,19,1.4,1.11,46,69,-23,2.68,4.02,
478,TORREY.MITCHELL,2016-2017,MTL,,78,812.17,160,253,385,20.05,48.25,31.7,0.29,312,261,54.45,14,1,15,10,2,12,1.11,0.89,36,34,2.66,2.51,44,59,-15,3.25,4.36,
507,ZACH.WERENSKI,2016-2017,CBJ,,78,1273.78,489,516,400,34.8,28.47,36.73,0.55,0,0,NA,6,0,6,3,0,3,0.28,0.14,33,26,1.55,1.22,37,74,-37,1.74,3.49,
4,ADAM.MCQUAID,2016-2017,BOS,,77,1175.94,446,491,399,33.38,29.87,36.75,0.53,0,0,NA,15,5,20,11,5,16,1.02,0.82,21,8,1.07,0.41,143,111,32,7.3,5.66,
37,AUSTIN.WATSON,2016-2017,NSH,,77,786.18,142,295,324,18.66,42.58,38.76,0.3,14,20,41.18,14,13,27,11,12,23,2.06,1.76,11,22,0.84,1.68,136,93,43,10.38,7.1,
229,JOEL.WARD,2016-2017,S.J,,77,996.51,293,350,296,31.2,31.52,37.27,0.5,175,154,53.19,14,0,14,7,0,7,0.84,0.42,47,28,2.83,1.69,54,84,-30,3.25,5.06,
16,ALEX.RADULOV,2016-2017,MTL,,76,1113.27,405,389,258,38.5,24.52,36.98,0.61,5,5,50,25,0,25,19,0,19,1.35,1.02,48,38,2.59,2.05,66,141,-75,3.56,7.6,
17,ALEX.STEEN,2016-2017,STL,,76,1034.8,376,411,370,32.5,31.98,35.52,0.5,78,110,41.49,16,1,17,16,1,17,0.99,0.99,11,19,0.64,1.1,27,88,-61,1.57,5.1,
105,CHRIS.WIDEMAN,2016-2017,OTT,,76,906.2,358,291,209,41.72,24.36,33.92,0.63,0,0,NA,15,2,17,10,2,12,1.13,0.79,33,10,2.18,0.66,65,95,-30,4.3,6.29,
324,MATT.DUMBA,2016-2017,MIN,,76,1283.01,384,397,347,34.04,30.76,35.2,0.53,0,0,NA,16,0,16,11,1,12,0.75,0.56,39,15,1.82,0.7,90,84,6,4.21,3.93,
340,MICHAEL.GRABNER,2016-2017,NYR,,76,900.9,233,320,298,27.38,35.02,37.6,0.44,4,0,100,4,0,4,8,0,8,0.27,0.53,20,35,1.33,2.33,38,25,13,2.53,1.67,
464,THOMAS.HICKEY,2016-2017,NYI,,76,1107.35,342,346,328,33.66,32.28,34.06,0.51,0,0,NA,11,1,12,16,1,17,0.65,0.92,37,14,2,0.76,78,135,-57,4.23,7.31,
11,ALEX.BURROWS,2016-2017,OTT,,75,937.64,309,351,289,32.56,30.45,36.99,0.52,3,5,37.5,13,1,14,13,1,14,0.9,0.9,16,30,1.02,1.92,66,71,-5,4.22,4.54,
68,BRIAN.BOYLE,2016-2017,TOR,,75,790.72,211,308,284,26.28,35.37,38.36,0.43,209,192,52.12,10,4,14,6,5,11,1.06,0.83,12,18,0.91,1.37,102,69,33,7.74,5.24,
424,ROMAN.POLAK,2016-2017,TOR,,75,1109,278,384,335,27.88,33.6,38.52,0.45,0,0,NA,19,2,21,3,2,5,1.14,0.27,42,13,2.27,0.7,205,118,87,11.09,6.38,
492,VIKTOR.STALBERG,2016-2017,OTT,,75,763.63,213,245,186,33.07,28.88,38.04,0.53,0,0,NA,11,1,12,10,1,11,0.94,0.86,21,25,1.65,1.96,137,106,31,10.76,8.33,
300,LUKE.GLENDENING,2016-2017,DET,,74,764.5,177,267,335,22.72,43,34.27,0.35,219,172,56.01,8,0,8,9,0,9,0.63,0.71,9,14,0.71,1.1,134,130,4,10.52,10.2,
330,MATT.IRWIN,2016-2017,NSH,,74,1083.6,367,391,322,33.98,29.81,36.2,0.53,0,0,NA,8,0,8,8,0,8,0.44,0.44,34,13,1.88,0.72,109,128,-19,6.04,7.09,
355,MIKHAIL.GRIGORENKO,2016-2017,COL,,74,806.66,229,252,248,31.41,34.02,34.57,0.48,83,68,54.97,7,0,7,2,0,2,0.52,0.15,20,25,1.49,1.86,23,52,-29,1.71,3.87,
444,SHANE.DOAN,2016-2017,ARI,,74,965.17,252,308,358,27.45,39,33.55,0.41,69,75,47.92,13,0,13,8,0,8,0.81,0.5,29,23,1.8,1.43,94,71,23,5.84,4.41,
483,TROY.BROUWER,2016-2017,CGY,,74,868.62,303,321,277,33.63,30.74,35.63,0.52,8,14,36.36,7,1,8,10,1,11,0.55,0.76,26,15,1.8,1.04,155,40,115,10.71,2.76,
25,ANDREW.MACDONALD,2016-2017,PHI,,73,1197.78,338,439,377,29.29,32.67,38.04,0.47,0,0,NA,10,0,10,7,0,7,0.5,0.35,39,7,1.95,0.35,36,119,-83,1.8,5.96,
137,DENNIS.SEIDENBERG,2016-2017,NYI,,73,1241.95,319,414,345,29.59,32,38.4,0.48,0,0,NA,16,0,16,7,0,7,0.77,0.34,30,9,1.45,0.43,144,166,-22,6.96,8.02,
286,KYLE.CLIFFORD,2016-2017,L.A,,73,768.15,255,200,176,40.41,27.89,31.7,0.59,2,3,40,11,11,22,9,11,20,1.72,1.56,6,17,0.47,1.33,145,96,49,11.33,7.5,
288,KYLE.QUINCEY,2016-2017,CBJ,,73,1126.3,323,340,333,32.43,33.43,34.14,0.49,0,0,NA,19,1,20,7,1,8,1.07,0.43,35,15,1.86,0.8,90,69,21,4.79,3.68,
436,SCOTTIE.UPSHALL,2016-2017,STL,,73,663.36,83,214,274,14.54,47.99,37.48,0.23,1,3,25,16,1,17,10,1,11,1.54,0.99,16,12,1.45,1.09,96,70,26,8.68,6.33,
498,YANNICK.WEBER,2016-2017,NSH,,73,830.98,287,222,211,39.86,29.31,30.83,0.58,0,0,NA,10,1,11,2,1,3,0.79,0.22,26,9,1.88,0.65,71,92,-21,5.13,6.64,
127,DANIEL.WINNIK,2016-2017,WSH,,72,730,164,273,238,24.3,35.26,40.44,0.41,8,6,57.14,9,2,11,9,2,11,0.9,0.9,27,18,2.22,1.48,20,77,-57,1.64,6.33,
206,JAMIE.MCGINN,2016-2017,ARI,,72,862.9,279,297,248,33.86,30.1,36.04,0.53,1,2,33.33,8,1,9,10,1,11,0.63,0.76,24,5,1.67,0.35,115,68,47,8,4.73,
323,MATT.CULLEN,2016-2017,PIT,,72,765.38,198,225,354,25.48,45.56,28.96,0.36,334,282,54.22,11,0,11,14,0,14,0.86,1.1,23,14,1.8,1.1,31,71,-40,2.43,5.57,
329,MATT.HUNWICK,2016-2017,TOR,,72,1073.81,257,341,298,28.68,33.26,38.06,0.46,0,0,NA,7,0,7,3,0,3,0.39,0.17,35,18,1.96,1.01,80,106,-26,4.47,5.92,
352,MIKE.FISHER,2016-2017,NSH,,72,851.6,249,276,365,27.98,41.01,31.01,0.41,469,399,54.03,15,3,18,4,3,7,1.27,0.49,16,11,1.13,0.78,148,38,110,10.43,2.68,
384,NIKOLAY.KULEMIN,2016-2017,NYI,,72,827.16,184,307,331,22.38,40.27,37.35,0.36,5,3,62.5,7,0,7,6,0,6,0.51,0.44,15,21,1.09,1.52,74,40,34,5.37,2.9,
425,RON.HAINSEY,2016-2017,PIT,,72,1289.72,431,421,388,34.76,31.29,33.95,0.53,0,0,NA,6,1,7,5,1,6,0.33,0.28,42,19,1.95,0.88,84,62,22,3.91,2.88,
428,RYAN.O'REILLY,2016-2017,BUF,,72,1090.68,366,392,437,30.63,36.57,32.8,0.46,660,480,57.89,4,0,4,17,0,17,0.22,0.94,18,49,0.99,2.7,20,35,-15,1.1,1.93,
475,TOMMY.WINGELS,2016-2017,OTT,,72,693.45,197,220,171,33.5,29.08,37.41,0.54,103,141,42.21,10,1,11,13,1,14,0.95,1.21,15,11,1.3,0.95,123,109,14,10.64,9.43,
42,BEN.HUTTON,2016-2017,VAN,,71,1215.58,386,396,339,34.43,30.24,35.33,0.53,0,0,NA,9,1,10,5,1,6,0.49,0.3,37,27,1.83,1.33,41,96,-55,2.02,4.74,
94,CHRIS.KUNITZ,2016-2017,PIT,,71,914.98,342,314,250,37.75,27.59,34.66,0.58,1,10,9.09,13,0,13,11,0,11,0.85,0.72,24,23,1.57,1.51,201,103,98,13.18,6.75,
304,MARCO.SCANDELLA,2016-2017,MIN,,71,1129.67,297,378,315,30,31.82,38.18,0.49,0,0,NA,9,1,10,7,1,8,0.53,0.42,35,21,1.86,1.12,46,81,-35,2.44,4.3,
316,MARTIN.HANZAL,2016-2017,MIN,,71,936.22,297,369,409,27.63,38.05,34.33,0.42,585,441,57.02,17,0,17,20,0,20,1.09,1.28,18,21,1.15,1.35,135,57,78,8.65,3.65,
433,SAMI.VATANEN,2016-2017,ANA,,71,1111.33,326,418,391,28.72,34.45,36.83,0.45,0,0,NA,14,0,14,11,0,11,0.76,0.59,32,12,1.73,0.65,67,81,-14,3.62,4.37,
113,COLIN.WILSON,2016-2017,NSH,,70,872.4,277,296,267,32.98,31.79,35.24,0.51,16,20,44.44,8,0,8,7,0,7,0.55,0.48,17,22,1.17,1.51,50,77,-27,3.44,5.3,
305,MARCUS.KRUGER,2016-2017,CHI,,70,796.15,188,245,442,21.49,50.51,28,0.3,317,288,52.4,13,0,13,6,0,6,0.98,0.45,8,20,0.6,1.51,28,98,-70,2.11,7.39,
310,MARK.BOROWIECKI,2016-2017,OTT,,70,917.53,284,301,281,32.79,32.45,34.76,0.5,1,0,100,29,13,42,18,13,31,2.75,2.03,14,5,0.92,0.33,351,134,217,22.95,8.76,
366,NIC.DOWD,2016-2017,L.A,,70,741.76,275,188,155,44.5,25.08,30.42,0.64,285,315,47.5,11,1,12,5,1,6,0.97,0.49,16,18,1.29,1.46,142,104,38,11.49,8.41,
374,NICK.SHORE,2016-2017,L.A,,70,767.69,252,225,179,38.41,27.29,34.3,0.58,321,302,51.52,7,0,7,5,0,5,0.55,0.39,13,10,1.02,0.78,55,66,-11,4.3,5.16,
2,ADAM.CRACKNELL,2016-2017,DAL,,69,676.03,180,223,179,30.93,30.76,38.32,0.5,128,150,46.04,5,0,5,11,0,11,0.44,0.98,15,19,1.33,1.69,90,50,40,7.99,4.44,
264,JUSSI.JOKINEN,2016-2017,FLA,,69,896.37,307,331,349,31.1,35.36,33.54,0.47,43,47,47.78,13,0,13,13,0,13,0.87,0.87,44,16,2.95,1.07,27,34,-7,1.81,2.28,
283,KRIS.VERSTEEG,2016-2017,CGY,,69,805.14,282,306,225,34.69,27.68,37.64,0.56,45,39,53.57,13,2,15,13,1,14,1.12,1.04,21,32,1.56,2.38,5,35,-30,0.37,2.61,
285,KYLE.BRODZIAK,2016-2017,STL,,69,625.62,75,203,283,13.37,50.45,36.19,0.21,261,262,49.9,6,1,7,8,1,9,0.67,0.86,4,24,0.38,2.3,55,42,13,5.27,4.03,
292,LAURI.KORPIKOSKI,2016-2017,CBJ,,69,728.03,202,269,231,28.77,32.91,38.32,0.47,0,4,0,3,0,3,2,0,2,0.25,0.16,20,11,1.65,0.91,35,61,-26,2.88,5.03,
430,RYAN.STROME,2016-2017,NYI,,69,797.88,187,250,246,27.38,36.02,36.6,0.43,144,190,43.11,9,1,10,4,1,5,0.75,0.38,24,27,1.8,2.03,58,40,18,4.36,3.01,
13,ALEX.EDLER,2016-2017,VAN,,68,1279.38,416,436,434,32.35,33.75,33.9,0.49,2,1,66.67,15,0,15,7,0,7,0.7,0.33,32,9,1.5,0.42,88,130,-42,4.13,6.1,
109,CODY.FRANSON,2016-2017,BUF,,68,1085.17,315,358,364,30.38,35.1,34.52,0.46,0,0,NA,14,0,14,3,0,3,0.77,0.17,24,12,1.33,0.66,84,45,39,4.64,2.49,
136,DENNIS.RASMUSSEN,2016-2017,CHI,,68,668.87,165,199,330,23.78,47.55,28.67,0.33,139,166,45.57,6,0,6,9,0,9,0.54,0.81,11,21,0.99,1.88,55,120,-65,4.93,10.76,
168,FEDOR.TYUTIN,2016-2017,COL,,68,1075.05,251,429,349,24.39,33.92,41.69,0.42,0,0,NA,13,0,13,4,0,4,0.73,0.22,14,13,0.78,0.73,103,75,28,5.75,4.19,
219,JESPER.FAST,2016-2017,NYR,,68,801,182,286,252,25.28,35,39.72,0.42,9,5,64.29,5,0,5,5,0,5,0.37,0.37,20,23,1.5,1.72,93,91,2,6.97,6.82,
282,KRIS.RUSSELL,2016-2017,EDM,,68,1206.85,343,434,385,29.52,33.13,37.35,0.47,0,0,NA,6,1,7,11,1,12,0.35,0.6,48,34,2.39,1.69,63,100,-37,3.13,4.97,
312,MARK.STREIT,2016-2017,PIT,,68,1035.66,364,341,251,38.08,26.26,35.67,0.59,0,0,NA,8,0,8,4,0,4,0.46,0.23,35,11,2.03,0.64,35,86,-51,2.03,4.98,
338,MICHAEL.CHAPUT,2016-2017,VAN,,68,700.3,166,226,209,27.62,34.78,37.6,0.44,197,177,52.67,11,1,12,6,1,7,1.03,0.6,14,10,1.2,0.86,68,49,19,5.83,4.2,
465,THOMAS.VANEK,2016-2017,FLA,,68,760.43,358,210,154,49.58,21.33,29.09,0.7,5,6,45.45,9,0,9,6,0,6,0.71,0.47,28,15,2.21,1.18,27,22,5,2.13,1.74,
469,T.J..OSHIE,2016-2017,WSH,,68,896.31,308,359,264,33.08,28.36,38.56,0.54,22,31,41.51,12,0,12,16,0,16,0.8,1.07,25,38,1.67,2.54,84,83,1,5.62,5.56,
44,BENOIT.POULIOT,2016-2017,EDM,,67,780.15,261,277,208,34.99,27.88,37.13,0.56,7,19,26.92,16,0,16,13,0,13,1.23,1,41,33,3.15,2.54,37,52,-15,2.85,4,
142,DEREK.RYAN,2016-2017,CAR,,67,793.98,298,237,207,40.16,27.9,31.94,0.59,310,255,54.87,9,0,9,8,0,8,0.68,0.6,28,28,2.12,2.12,30,64,-34,2.27,4.84,
391,P.A..PARENTEAU,2016-2017,NSH,,67,810.13,277,284,257,33.86,31.42,34.72,0.52,4,9,30.77,10,0,10,8,0,8,0.74,0.59,23,19,1.7,1.41,56,61,-5,4.15,4.52,
65,BRETT.CONNOLLY,2016-2017,WSH,,66,667.38,227,213,154,38.22,25.93,35.86,0.6,2,7,22.22,20,0,20,7,0,7,1.8,0.63,12,14,1.08,1.26,85,44,41,7.64,3.96,
80,CAL.CLUTTERBUCK,2016-2017,NYI,,66,738.19,193,267,299,25.43,39.39,35.18,0.39,1,1,50,12,0,12,10,0,10,0.98,0.81,14,23,1.14,1.87,207,87,120,16.82,7.07,
254,JOSH.GORGES,2016-2017,BUF,,66,1015.2,310,356,392,29.3,37.05,33.65,0.44,0,1,0,13,2,15,6,2,8,0.89,0.47,17,7,1,0.41,123,93,30,7.27,5.5,
315,MARKUS.NUTIVAARA,2016-2017,CBJ,,66,852.55,292,244,187,40.39,25.86,33.75,0.61,0,0,NA,2,0,2,2,0,2,0.14,0.14,20,8,1.41,0.56,36,57,-21,2.53,4.01,
379,NIKITA.TRYAMKIN,2016-2017,VAN,,66,985.5,294,315,274,33.3,31.03,35.67,0.52,0,0,NA,24,1,25,6,1,7,1.52,0.43,29,11,1.77,0.67,137,78,59,8.34,4.75,
497,XAVIER.OUELLET,2016-2017,DET,,66,1028.89,275,317,294,31.04,33.18,35.78,0.48,0,0,NA,11,1,12,8,1,9,0.7,0.52,15,9,0.87,0.52,65,66,-1,3.79,3.85,
39,BEAU.BENNETT,2016-2017,N.J,,65,761.81,206,225,251,30.21,36.8,32.99,0.45,2,12,14.29,7,0,7,8,0,8,0.55,0.63,12,17,0.95,1.34,70,59,11,5.51,4.65,
217,JAY.MCCLEMENT,2016-2017,CAR,,65,598.83,129,169,168,27.68,36.05,36.27,0.43,197,210,48.4,8,0,8,5,0,5,0.8,0.5,12,27,1.2,2.71,46,54,-8,4.61,5.41,
321,MATT.CALVERT,2016-2017,CBJ,,65,735.66,194,238,238,28.96,35.52,35.52,0.45,1,13,7.14,8,2,10,11,1,12,0.82,0.98,15,15,1.22,1.22,58,85,-27,4.73,6.93,
402,PAUL.POSTMA,2016-2017,WPG,,65,687.37,206,230,187,33.07,30.02,36.92,0.52,0,0,NA,5,0,5,0,0,0,0.44,0,28,10,2.44,0.87,36,70,-34,3.14,6.11,
418,RENE.BOURQUE,2016-2017,COL,,65,774.77,249,274,255,32.01,32.78,35.22,0.49,0,5,0,15,1,16,8,1,9,1.24,0.7,12,23,0.93,1.78,71,37,34,5.5,2.87,
431,RYAN.WHITE,2016-2017,MIN,,65,662.6,166,212,233,27.17,38.13,34.7,0.42,35,47,42.68,14,5,19,6,6,12,1.72,1.09,10,11,0.91,1,181,68,113,16.39,6.16,
122,DALE.WEISE,2016-2017,PHI,,64,744.89,199,260,195,30.43,29.82,39.76,0.51,3,0,100,6,1,7,3,2,5,0.56,0.4,13,13,1.05,1.05,129,68,61,10.39,5.48,
234,JOHN.MITCHELL,2016-2017,COL,,64,739.1,215,200,221,33.81,34.75,31.45,0.49,266,206,56.36,12,1,13,4,1,5,1.06,0.41,16,24,1.3,1.95,83,38,45,6.74,3.08,
247,JORI.LEHTERA,2016-2017,STL,,64,817.77,342,263,184,43.35,23.32,33.33,0.65,349,353,49.72,14,0,14,11,0,11,1.03,0.81,9,21,0.66,1.54,61,73,-12,4.48,5.36,
259,J.T..BROWN,2016-2017,T.B,,64,589.58,119,198,233,21.64,42.36,36,0.34,11,25,30.56,12,7,19,9,7,16,1.93,1.63,10,7,1.02,0.71,98,52,46,9.97,5.29,
346,MICHAEL.STONE,2016-2017,CGY,,64,1030.45,285,340,402,27.75,39.14,33.11,0.41,1,0,100,12,0,12,6,0,6,0.7,0.35,20,3,1.16,0.17,112,86,26,6.52,5.01,
20,ANDREAS.MARTINSEN,2016-2017,MTL,,63,556.9,153,165,177,30.91,35.76,33.33,0.46,3,1,75,10,2,12,3,2,5,1.29,0.54,10,20,1.08,2.15,157,60,97,16.92,6.46,
124,DAN.GIRARDI,2016-2017,NYR,,63,1021.95,291,395,351,28.06,33.85,38.09,0.45,0,0,NA,8,0,8,6,0,6,0.47,0.35,39,8,2.29,0.47,102,86,16,5.99,5.05,
333,MATT.READ,2016-2017,PHI,,63,745.73,202,244,200,31.27,30.96,37.77,0.5,3,6,33.33,2,0,2,5,0,5,0.16,0.4,17,18,1.37,1.45,91,122,-31,7.32,9.82,
21,ANDREI.MARKOV,2016-2017,MTL,,62,1035.75,352,353,379,32.47,34.96,32.56,0.48,0,0,NA,7,0,7,5,0,5,0.41,0.29,57,19,3.3,1.1,35,60,-25,2.03,3.48,
48,BOBBY.RYAN,2016-2017,OTT,,62,778.43,257,264,256,33.08,32.95,33.98,0.5,3,3,50,8,0,8,16,0,16,0.62,1.23,23,23,1.77,1.77,103,56,47,7.94,4.32,
298,LUKAS.SEDLAK,2016-2017,CBJ,,62,558.75,154,153,172,32.15,35.91,31.94,0.47,216,197,52.3,8,1,9,8,1,9,0.97,0.97,10,14,1.07,1.5,63,62,1,6.77,6.66,
7,ALAN.QUINE,2016-2017,NYI,,61,664.94,179,239,195,29.2,31.81,38.99,0.48,242,252,48.99,3,0,3,3,0,3,0.27,0.27,17,15,1.53,1.35,76,43,33,6.86,3.88,
85,CARL.HAGELIN,2016-2017,PIT,,61,774.15,291,285,201,37.45,25.87,36.68,0.59,2,2,50,6,0,6,10,0,10,0.47,0.78,16,13,1.24,1.01,60,71,-11,4.65,5.5,
118,CONOR.SHEARY,2016-2017,PIT,,61,836.5,334,378,197,36.74,21.67,41.58,0.63,0,0,NA,9,0,9,13,0,13,0.65,0.93,18,24,1.29,1.72,29,87,-58,2.08,6.24,
225,JOE.COLBORNE,2016-2017,COL,,61,565.87,180,165,165,35.29,32.35,32.35,0.52,28,61,31.46,13,0,13,11,0,11,1.38,1.17,16,9,1.7,0.95,76,50,26,8.06,5.3,
290,LANCE.BOUMA,2016-2017,CGY,,61,579.3,106,198,219,20.27,41.87,37.86,0.33,3,5,37.5,8,3,11,8,3,11,1.14,1.14,9,14,0.93,1.45,126,61,65,13.05,6.32,
351,MIKE.CAMMALLERI,2016-2017,N.J,,61,842.38,259,277,274,31.98,33.83,34.2,0.49,13,8,61.9,7,0,7,10,0,10,0.5,0.71,24,20,1.71,1.42,43,47,-4,3.06,3.35,
57,BRANDON.PIRRI,2016-2017,NYR,,60,568.34,132,191,147,28.09,31.28,40.64,0.47,114,78,59.38,8,1,9,8,1,9,0.95,0.95,19,21,2.01,2.22,35,45,-10,3.69,4.75,
241,JOONAS.DONSKOI,2016-2017,S.J,,60,724.72,215,277,187,31.66,27.54,40.8,0.53,5,5,50,3,0,3,11,0,11,0.25,0.91,26,27,2.15,2.24,26,114,-88,2.15,9.44,
277,KEVIN.KLEIN,2016-2017,NYR,,60,948.22,285,305,254,33.77,30.09,36.14,0.53,0,0,NA,9,2,11,4,3,7,0.7,0.44,32,12,2.02,0.76,127,71,56,8.04,4.49,
309,MARK.BARBERIO,2016-2017,COL,,60,939.64,309,299,264,35.44,30.28,34.29,0.54,0,0,NA,6,0,6,3,0,3,0.38,0.19,25,15,1.6,0.96,19,59,-40,1.21,3.77,
470,TOBIAS.ENSTROM,2016-2017,WPG,,60,996.87,358,349,342,34.13,32.6,33.27,0.51,0,0,NA,13,0,13,7,0,7,0.78,0.42,22,4,1.32,0.24,18,80,-62,1.08,4.82,
40,BEN.CHIAROT,2016-2017,WPG,,59,764.98,201,263,223,29.26,32.46,38.28,0.47,0,0,NA,12,1,13,2,1,3,1.02,0.24,37,12,2.9,0.94,69,111,-42,5.41,8.71,
89,CASEY.CIZIKAS,2016-2017,NYI,,59,660.03,156,240,304,22.29,43.43,34.29,0.34,331,327,50.3,13,0,13,9,0,9,1.18,0.82,23,24,2.09,2.18,138,58,80,12.54,5.27,
111,CODY.MCLEOD,2016-2017,NSH,,59,413.94,88,140,127,24.79,35.77,39.44,0.41,0,0,NA,17,18,35,7,18,25,5.07,3.62,2,4,0.29,0.58,148,37,111,21.45,5.36,
249,JOSEPH.CRAMAROSSA,2016-2017,VAN,,59,533.5,165,151,138,36.34,30.4,33.26,0.54,5,1,83.33,6,7,13,12,6,18,1.46,2.02,15,8,1.69,0.9,129,46,83,14.51,5.17,
467,TIM.SCHALLER,2016-2017,BOS,,59,626.28,160,198,215,27.92,37.52,34.55,0.43,21,20,51.22,7,1,8,5,1,6,0.77,0.57,17,13,1.63,1.25,71,77,-6,6.8,7.38,
491,VERNON.FIDDLER,2016-2017,NSH,,59,563.17,98,218,292,16.12,48.03,35.86,0.25,297,251,54.2,17,2,19,15,1,16,2.02,1.7,18,9,1.92,0.96,54,64,-10,5.75,6.82,
91,CEDRIC.PAQUETTE,2016-2017,T.B,,58,567.4,121,210,234,21.42,41.42,37.17,0.34,168,175,48.98,12,4,16,13,2,15,1.69,1.59,5,11,0.53,1.16,140,78,62,14.8,8.25,
116,COLTON.SISSONS,2016-2017,NSH,,58,578.32,94,209,238,17.38,43.99,38.63,0.28,165,163,50.3,1,0,1,5,0,5,0.1,0.52,10,8,1.04,0.83,103,56,47,10.69,5.81,
154,DREW.STAFFORD,2016-2017,BOS,,58,679.2,209,235,193,32.81,30.3,36.89,0.52,6,13,31.58,12,0,12,3,0,3,1.06,0.27,27,11,2.39,0.97,60,41,19,5.3,3.62,
218,JAYSON.MEGNA,2016-2017,VAN,,58,662.87,177,209,204,30,34.58,35.42,0.46,2,13,13.33,3,0,3,13,0,13,0.27,1.18,6,20,0.54,1.81,84,35,49,7.6,3.17,
221,JIMMY.HAYES,2016-2017,BOS,,58,507.48,182,161,111,40.09,24.45,35.46,0.62,14,39,26.42,6,3,9,5,3,8,1.06,0.95,11,14,1.3,1.66,74,59,15,8.75,6.98,
349,MICHEAL.HALEY,2016-2017,S.J,,58,527.16,154,173,131,33.62,28.6,37.77,0.54,66,83,44.3,15,16,31,7,16,23,3.53,2.62,19,18,2.16,2.05,128,48,80,14.57,5.46,
61,BRENDAN.GAUNCE,2016-2017,VAN,,57,505.57,107,162,144,25.91,34.87,39.23,0.43,76,79,49.03,10,1,11,5,1,6,1.31,0.71,6,11,0.71,1.31,91,33,58,10.8,3.92,
78,BRYAN.RUST,2016-2017,PIT,,57,702.57,227,275,207,32.02,29.2,38.79,0.52,2,2,50,4,0,4,13,0,13,0.34,1.11,14,16,1.2,1.37,97,116,-19,8.28,9.91,
138,DENNIS.WIDEMAN,2016-2017,CGY,,57,932.95,310,318,309,33.08,32.98,33.94,0.5,0,0,NA,10,0,10,6,0,6,0.64,0.39,39,17,2.51,1.09,51,69,-18,3.28,4.44,
381,NIKLAS.KRONWALL,2016-2017,DET,,57,875.23,325,297,242,37.62,28.01,34.38,0.57,0,0,NA,14,0,14,4,0,4,0.96,0.27,21,2,1.44,0.14,69,58,11,4.73,3.98,
474,TOM.KUHNHACKL,2016-2017,PIT,,57,499,99,158,231,20.29,47.34,32.38,0.3,2,1,66.67,9,0,9,8,0,8,1.08,0.96,5,3,0.6,0.36,107,49,58,12.87,5.89,
84,CARL.GUNNARSSON,2016-2017,STL,,56,706.95,226,225,202,34.61,30.93,34.46,0.53,0,0,NA,2,0,2,5,0,5,0.17,0.42,6,2,0.51,0.17,41,71,-30,3.48,6.03,
308,MARIAN.GABORIK,2016-2017,L.A,,56,722.08,238,265,207,33.52,29.15,37.32,0.53,0,0,NA,7,0,7,2,0,2,0.58,0.17,21,7,1.74,0.58,20,34,-14,1.66,2.83,
396,PATRICK.WIERCIOCH,2016-2017,COL,,56,782.08,242,193,230,36.39,34.59,29.02,0.51,0,0,NA,9,1,10,5,0,5,0.77,0.38,14,5,1.07,0.38,44,49,-5,3.38,3.76,
480,TREVOR.DALEY,2016-2017,PIT,,56,868.68,278,301,286,32.14,33.06,34.8,0.49,0,0,NA,10,1,11,6,1,7,0.76,0.48,17,13,1.17,0.9,23,43,-20,1.59,2.97,
503,ZACH.BOGOSIAN,2016-2017,BUF,,56,993.05,292,331,315,31.13,33.58,35.29,0.48,0,0,NA,13,2,15,5,2,7,0.91,0.42,26,9,1.57,0.54,58,23,35,3.5,1.39,
152,DREW.MILLER,2016-2017,DET,,55,479.25,119,152,180,26.39,39.91,33.7,0.4,1,1,50,6,0,6,1,0,1,0.75,0.13,4,10,0.5,1.25,70,53,17,8.76,6.64,
194,JACK.SKILLE,2016-2017,VAN,,55,478.66,113,156,130,28.32,32.58,39.1,0.47,2,0,100,4,0,4,5,0,5,0.5,0.63,9,14,1.13,1.75,73,54,19,9.15,6.77,
295,LOGAN.SHAW,2016-2017,ANA,,55,437.62,151,152,120,35.7,28.37,35.93,0.56,51,81,38.64,5,0,5,1,0,1,0.69,0.14,6,8,0.82,1.1,59,31,28,8.09,4.25,
255,JOSH.JOORIS,2016-2017,ARI,,54,565.7,133,198,219,24.18,39.82,36,0.38,190,190,50,6,0,6,11,0,11,0.64,1.17,5,6,0.53,0.64,48,57,-9,5.09,6.05,
95,CHRIS.NEIL,2016-2017,OTT,,53,395.27,142,131,89,39.23,24.59,36.19,0.61,0,0,NA,13,7,20,9,6,15,3.04,2.28,9,11,1.37,1.67,107,47,60,16.24,7.13,
97,CHRIS.TANEV,2016-2017,VAN,,53,870.55,254,353,307,27.79,33.59,38.62,0.45,0,0,NA,5,0,5,5,0,5,0.34,0.34,20,11,1.38,0.76,15,117,-102,1.03,8.06,
121,CURTIS.MCKENZIE,2016-2017,DAL,,53,518.92,130,168,151,28.95,33.63,37.42,0.46,3,3,50,9,8,17,14,8,22,1.97,2.54,9,9,1.04,1.04,100,42,58,11.56,4.86,
145,DEVANTE.SMITH-PELLY,2016-2017,N.J,,53,580.78,137,173,193,27.24,38.37,34.39,0.42,18,23,43.9,6,0,6,9,0,9,0.62,0.93,12,15,1.24,1.55,87,50,37,8.99,5.17,
161,ERIC.FEHR,2016-2017,TOR,,53,460.47,72,136,232,16.36,52.73,30.91,0.24,62,57,52.1,5,0,5,2,0,2,0.65,0.26,7,15,0.91,1.95,75,48,27,9.77,6.25,
456,STEVE.OTT,2016-2017,MTL,,53,471.79,111,154,167,25.69,38.66,35.65,0.4,120,85,58.54,11,7,18,10,7,17,2.29,2.16,8,7,1.02,0.89,139,46,93,17.68,5.85,
235,JOHNNY.ODUYA,2016-2017,CHI,,52,798.45,219,299,311,26.42,37.52,36.07,0.41,0,0,NA,7,0,7,2,0,2,0.53,0.15,30,12,2.25,0.9,27,59,-32,2.03,4.43,
267,JUSTIN.FALK,2016-2017,BUF,,52,668.73,200,228,194,32.15,31.19,36.66,0.51,0,0,NA,10,1,11,2,1,3,0.99,0.27,21,7,1.88,0.63,100,59,41,8.97,5.29,
344,MICHAEL.RAFFL,2016-2017,PHI,,52,673.93,258,259,196,36.19,27.49,36.33,0.57,3,7,30,6,1,7,10,1,11,0.62,0.98,16,13,1.42,1.16,90,111,-21,8.01,9.88,
486,TYLER.GRAOVAC,2016-2017,MIN,,52,508.17,169,158,97,39.86,22.88,37.26,0.64,161,179,47.35,3,0,3,3,0,3,0.35,0.35,4,16,0.47,1.89,52,42,10,6.14,4.96,
58,BRANDON.TANEV,2016-2017,WPG,,51,449.82,102,174,139,24.58,33.49,41.93,0.42,0,0,NA,4,1,5,12,0,12,0.67,1.6,7,14,0.93,1.87,119,66,53,15.87,8.8,
63,BRENDAN.SMITH,2016-2017,NYR,,51,797.6,257,260,266,32.82,33.97,33.21,0.49,0,0,NA,15,3,18,9,3,12,1.35,0.9,31,10,2.33,0.75,48,72,-24,3.61,5.42,
70,BRIAN.FLYNN,2016-2017,MTL,,51,524.52,115,172,247,21.54,46.25,32.21,0.32,50,51,49.5,2,0,2,3,0,3,0.23,0.34,10,11,1.14,1.26,20,47,-27,2.29,5.38,
102,CHRISTIAN.FOLIN,2016-2017,MIN,,51,705.14,181,285,217,26.5,31.77,41.73,0.45,0,0,NA,12,0,12,6,0,6,1.02,0.51,15,9,1.28,0.77,67,97,-30,5.7,8.25,
148,DMITRIJ.JASKIN,2016-2017,STL,,51,563.98,145,188,150,30.02,31.06,38.92,0.49,4,5,44.44,7,0,7,10,0,10,0.74,1.06,7,13,0.74,1.38,98,79,19,10.43,8.4,
208,JARED.BOLL,2016-2017,ANA,,51,293.24,112,105,88,36.72,28.85,34.43,0.56,0,1,0,9,11,20,10,11,21,4.09,4.3,5,2,1.02,0.41,68,42,26,13.91,8.59,
237,JONATHAN.ERICSSON,2016-2017,DET,,51,843.97,207,265,286,27.31,37.73,34.96,0.42,0,0,NA,16,2,18,8,2,10,1.28,0.71,19,9,1.35,0.64,76,49,27,5.4,3.48,
339,MICHAEL.DEL ZOTTO,2016-2017,PHI,,51,836.33,260,289,214,34.08,28.05,37.88,0.55,0,1,0,9,0,9,12,0,12,0.65,0.86,24,9,1.72,0.65,152,76,76,10.9,5.45,
130,DARREN.HELM,2016-2017,DET,,50,614.74,179,203,184,31.63,32.51,35.87,0.49,172,161,51.65,8,0,8,13,0,13,0.78,1.27,18,12,1.76,1.17,65,53,12,6.34,5.17,
246,JORDIN.TOOTOO,2016-2017,CHI,,50,333.3,88,104,97,30.45,33.56,35.99,0.48,1,0,100,2,4,6,4,4,8,1.08,1.44,9,9,1.62,1.62,50,23,27,9,4.14,
347,MICHAL.KEMPNY,2016-2017,CHI,,50,699,218,196,189,36.15,31.34,32.5,0.54,0,0,NA,8,0,8,3,0,3,0.69,0.26,21,6,1.8,0.52,70,65,5,6.01,5.58,
446,SHANE.PRINCE,2016-2017,NYI,,50,569,134,168,184,27.57,37.86,34.57,0.42,2,0,100,9,0,9,15,0,15,0.95,1.58,17,22,1.79,2.32,35,50,-15,3.69,5.27,
448,SHAWN.THORNTON,2016-2017,FLA,,50,374.92,66,132,89,23,31.01,45.99,0.43,5,10,33.33,13,5,18,7,5,12,2.88,1.92,8,8,1.28,1.28,52,15,37,8.32,2.4,
10,ALEX.BURMISTROV,2016-2017,ARI,,49,534.45,122,169,157,27.23,35.04,37.72,0.44,158,219,41.91,3,0,3,6,0,6,0.34,0.67,13,10,1.46,1.12,57,33,24,6.4,3.7,
36,AUSTIN.CZARNIK,2016-2017,BOS,,49,483.25,155,168,111,35.71,25.58,38.71,0.58,50,61,45.05,5,0,5,9,0,9,0.62,1.12,6,12,0.74,1.49,19,26,-7,2.36,3.23,
131,DAVID.DESHARNAIS,2016-2017,EDM,,49,552.9,187,172,132,38.09,26.88,35.03,0.59,159,141,53,5,0,5,5,0,5,0.54,0.54,11,19,1.19,2.06,5,31,-26,0.54,3.36,
276,KEVIN.GRAVEL,2016-2017,L.A,,49,616.85,242,172,123,45.07,22.91,32.03,0.66,0,0,NA,1,0,1,6,0,6,0.1,0.58,23,2,2.24,0.19,71,102,-31,6.91,9.92,
319,MATT.BELESKEY,2016-2017,BOS,,49,542.32,166,191,140,33.4,28.17,38.43,0.54,17,23,42.5,13,3,16,6,3,9,1.77,1,12,5,1.33,0.55,90,46,44,9.96,5.09,
377,NIKITA.NESTEROV,2016-2017,MTL,,48,703.9,270,208,147,43.2,23.52,33.28,0.65,0,0,NA,9,0,9,5,0,5,0.77,0.43,20,6,1.7,0.51,81,56,25,6.9,4.77,
395,PATRICK.SHARP,2016-2017,DAL,,48,620.4,174,218,233,27.84,37.28,34.88,0.43,16,20,44.44,9,1,10,10,0,10,0.97,0.97,15,15,1.45,1.45,24,41,-17,2.32,3.97,
407,PETER.HOLLAND,2016-2017,ARI,,48,535.38,162,173,176,31.7,34.44,33.86,0.48,200,247,44.74,10,0,10,7,0,7,1.12,0.78,10,21,1.12,2.35,36,28,8,4.03,3.14,
149,DMITRY.KULIKOV,2016-2017,BUF,,47,872.3,266,275,255,33.42,32.04,34.55,0.51,0,0,NA,11,0,11,4,0,4,0.76,0.28,29,14,1.99,0.96,54,90,-36,3.71,6.19,
423,ROMAN.LYUBIMOV,2016-2017,PHI,,47,419.95,100,133,117,28.57,33.43,38,0.46,1,3,25,4,0,4,3,0,3,0.57,0.43,5,12,0.71,1.71,28,37,-9,4,5.29,
458,TANNER.KERO,2016-2017,CHI,,47,550.28,134,161,195,27.35,39.8,32.86,0.41,198,232,46.05,4,0,4,9,0,9,0.44,0.98,9,13,0.98,1.42,39,55,-16,4.25,6,
24,ANDREW.DESJARDINS,2016-2017,CHI,,46,399.61,96,93,144,28.83,43.24,27.93,0.4,35,28,55.56,6,2,8,7,2,9,1.2,1.35,10,9,1.5,1.35,73,57,16,10.96,8.56,
140,DEREK.GRANT,2016-2017,NSH,,46,321.51,80,100,150,24.24,45.45,30.3,0.35,160,141,53.16,5,2,7,0,2,2,1.31,0.37,4,5,0.75,0.93,25,21,4,4.67,3.92,
179,GREG.MCKEGG,2016-2017,T.B,,46,424.52,104,134,174,25.24,42.23,32.52,0.37,83,87,48.82,6,2,8,6,2,8,1.13,1.13,5,7,0.71,0.99,48,45,3,6.78,6.36,
242,JORDAN.NOLAN,2016-2017,L.A,,46,486.03,150,109,126,38.96,32.73,28.31,0.54,2,4,33.33,12,3,15,7,3,10,1.85,1.23,10,5,1.23,0.62,61,45,16,7.53,5.56,
354,MIKE.RIBEIRO,2016-2017,NSH,,46,593.5,247,170,75,50.2,15.24,34.55,0.77,152,216,41.3,7,0,7,2,0,2,0.71,0.2,15,10,1.52,1.01,33,34,-1,3.34,3.44,
146,DEVIN.SETOGUCHI,2016-2017,L.A,,45,529.18,203,161,143,40.04,28.21,31.76,0.59,2,0,100,6,0,6,9,0,9,0.68,1.02,19,15,2.15,1.7,53,52,1,6.01,5.9,
335,MATT.TENNYSON,2016-2017,CAR,,45,572.08,199,185,109,40.37,22.11,37.53,0.65,0,0,NA,3,0,3,2,0,2,0.31,0.21,11,11,1.15,1.15,64,98,-34,6.71,10.28,
447,SHAWN.MATTHIAS,2016-2017,WPG,,45,530.83,133,183,192,26.18,37.8,36.02,0.41,3,8,27.27,2,1,3,3,1,4,0.34,0.45,6,10,0.68,1.13,47,34,13,5.31,3.84,
451,STEFAN.NOESEN,2016-2017,N.J,,44,458.69,139,156,150,31.24,33.71,35.06,0.48,21,39,35,5,0,5,4,0,4,0.65,0.52,9,11,1.18,1.44,50,39,11,6.54,5.1,
104,CHRIS.WAGNER,2016-2017,ANA,,43,336.63,101,123,93,31.86,29.34,38.8,0.52,55,77,41.67,3,0,3,4,0,4,0.53,0.71,12,2,2.14,0.36,106,60,46,18.89,10.69,
280,KLAS.DAHLBECK,2016-2017,CAR,,43,565.08,201,190,112,39.96,22.27,37.77,0.64,0,0,NA,14,0,14,2,0,2,1.49,0.21,15,11,1.59,1.17,75,81,-6,7.96,8.6,
441,SERGEY.KALININ,2016-2017,N.J,,43,443.07,77,149,188,18.6,45.41,35.99,0.29,62,89,41.06,4,0,4,4,1,5,0.54,0.68,9,4,1.22,0.54,50,39,11,6.77,5.28,
313,MARK.STUART,2016-2017,WPG,,42,423.18,122,133,125,32.11,32.89,35,0.49,0,0,NA,8,1,9,2,1,3,1.28,0.43,13,3,1.84,0.43,61,35,26,8.65,4.96,
326,MATT.HENDRICKS,2016-2017,EDM,,42,378.13,103,121,151,27.47,40.27,32.27,0.41,111,70,61.33,9,1,10,7,1,8,1.59,1.27,8,7,1.27,1.11,76,43,33,12.06,6.82,
375,NICOLAS.DESLAURIERS,2016-2017,BUF,,42,308.35,83,88,68,34.73,28.45,36.82,0.55,0,3,0,6,3,9,3,4,7,1.75,1.36,3,2,0.58,0.39,108,26,82,21.02,5.06,
15,ALEXEY.MARCHENKO,2016-2017,TOR,,41,610.22,168,197,197,29.89,35.05,35.05,0.46,0,0,NA,5,0,5,3,0,3,0.49,0.29,19,5,1.87,0.49,21,41,-20,2.06,4.03,
207,JAMIE.OLEKSIAK,2016-2017,DAL,,41,591.5,183,191,218,30.91,36.82,32.26,0.46,0,0,NA,9,3,12,4,3,7,1.22,0.71,24,13,2.43,1.32,51,51,0,5.17,5.17,
269,JYRKI.JOKIPAKKA,2016-2017,OTT,,41,564.28,150,192,162,29.76,32.14,38.1,0.48,0,0,NA,6,0,6,5,0,5,0.64,0.53,23,6,2.45,0.64,29,67,-38,3.08,7.12,
45,BEN.SMITH,2016-2017,TOR,,40,366.52,56,134,166,15.73,46.63,37.64,0.25,171,144,54.29,2,0,2,3,0,3,0.33,0.49,5,6,0.82,0.98,28,55,-27,4.58,9,
163,ERIC.GRYBA,2016-2017,EDM,,40,584.38,190,165,172,36.05,32.64,31.31,0.52,0,0,NA,17,3,20,5,4,9,2.05,0.92,20,5,2.05,0.51,131,50,81,13.45,5.13,
332,MATT.PUEMPEL,2016-2017,NYR,,40,351.02,98,125,88,31.51,28.3,40.19,0.53,0,1,0,3,1,4,5,1,6,0.68,1.03,5,8,0.85,1.37,28,39,-11,4.79,6.67,
361,NAIL.YAKUPOV,2016-2017,STL,,40,410.86,133,129,75,39.47,22.26,38.28,0.64,0,0,NA,7,0,7,9,0,9,1.02,1.31,3,11,0.44,1.61,32,31,1,4.67,4.53,
398,PATRIK.NEMETH,2016-2017,DAL,,40,580.96,176,205,191,30.77,33.39,35.84,0.48,0,0,NA,7,0,7,2,0,2,0.72,0.21,17,10,1.76,1.03,43,51,-8,4.44,5.27,
176,GABRIEL.DUMONT,2016-2017,T.B,,39,356.96,67,98,215,17.63,56.58,25.79,0.24,104,90,53.61,6,3,9,11,3,14,1.51,2.35,4,5,0.67,0.84,83,62,21,13.95,10.42,
202,JAKUB.KINDL,2016-2017,FLA,,39,546.93,154,145,165,33.19,35.56,31.25,0.48,0,0,NA,13,0,13,1,0,1,1.43,0.11,13,9,1.43,0.99,46,33,13,5.05,3.62,
362,NATE.PROSSER,2016-2017,MIN,,39,469.44,112,142,129,29.24,33.68,37.08,0.46,0,0,NA,4,0,4,1,0,1,0.51,0.13,9,2,1.15,0.26,30,72,-42,3.83,9.2,
415,REID.BOUCHER,2016-2017,NSH,,39,394.35,120,134,125,31.66,32.98,35.36,0.49,0,1,0,3,0,3,6,0,6,0.46,0.91,5,17,0.76,2.59,20,26,-6,3.04,3.96,
55,BRANDON.DAVIDSON,2016-2017,MTL,,38,555.12,175,164,169,34.45,33.27,32.28,0.51,0,0,NA,5,0,5,0,0,0,0.54,0,19,6,2.05,0.65,41,65,-24,4.43,7.03,
196,JACOB.JOSEFSON,2016-2017,N.J,,38,405.08,92,123,129,26.74,37.5,35.76,0.42,149,140,51.56,7,0,7,4,0,4,1.04,0.59,7,6,1.04,0.89,30,41,-11,4.44,6.07,
311,MARKO.DANO,2016-2017,WPG,,38,346.08,85,110,106,28.24,35.22,36.54,0.45,1,3,25,4,0,4,5,0,5,0.69,0.87,9,16,1.56,2.77,78,37,41,13.52,6.41,
345,MICHAEL.SGARBOSSA,2016-2017,FLA,,38,388.52,113,130,116,31.48,32.31,36.21,0.49,126,162,43.75,2,1,3,4,1,5,0.46,0.77,13,6,2.01,0.93,36,35,1,5.56,5.41,
422,ROBERT.BORTUZZO,2016-2017,STL,,38,493.13,147,153,140,33.41,31.82,34.77,0.51,0,0,NA,3,1,4,2,1,3,0.49,0.37,13,4,1.58,0.49,72,70,2,8.76,8.52,
244,JORDAN.SCHROEDER,2016-2017,MIN,,37,360.09,141,116,64,43.93,19.94,36.14,0.69,19,21,47.5,0,0,0,4,0,4,0,0.67,5,11,0.83,1.83,29,23,6,4.83,3.83,
9,ALEX.BIEGA,2016-2017,VAN,,36,437.52,124,132,113,33.6,30.62,35.77,0.52,0,0,NA,8,0,8,2,0,2,1.1,0.27,7,5,0.96,0.69,93,60,33,12.75,8.23,
26,ANDY.ANDREOFF,2016-2017,L.A,,36,367.2,110,91,76,39.71,27.44,32.85,0.59,41,25,62.12,19,1,20,6,2,8,3.27,1.31,10,5,1.63,0.82,69,47,22,11.27,7.68,
180,GREG.PATERYN,2016-2017,DAL,,36,526.8,156,159,160,32.84,33.68,33.47,0.49,0,0,NA,3,0,3,0,0,0,0.34,0,22,3,2.51,0.34,69,59,10,7.86,6.72,
233,JOHN-MICHAEL.LILES,2016-2017,BOS,,36,462.07,166,141,111,39.71,26.56,33.73,0.6,2,0,100,2,0,2,3,0,3,0.26,0.39,7,8,0.91,1.04,22,40,-18,2.86,5.19,
411,PHILLIP.DI GIUSEPPE,2016-2017,CAR,,36,414.91,143,118,88,40.97,25.21,33.81,0.62,0,1,0,3,1,4,0,1,1,0.58,0.14,11,11,1.59,1.59,89,37,52,12.87,5.35,
198,JAKE.DOTCHIN,2016-2017,T.B,,35,580.23,258,197,167,41.48,26.85,31.67,0.61,0,0,NA,14,1,15,10,1,11,1.55,1.14,20,3,2.07,0.31,81,34,47,8.38,3.52,
92,CHAD.RUHWEDEL,2016-2017,PIT,,34,507.55,140,159,159,30.57,34.72,34.72,0.47,0,0,NA,4,0,4,1,0,1,0.47,0.12,11,9,1.3,1.06,35,58,-23,4.14,6.86,
301,LUKE.WITKOWSKI,2016-2017,T.B,,34,329.77,76,108,90,27.74,32.85,39.42,0.46,0,0,NA,13,3,16,2,3,5,2.91,0.91,8,2,1.46,0.36,81,52,29,14.74,9.46,
126,DANIEL.CARR,2016-2017,MTL,,33,329.72,73,107,101,25.98,35.94,38.08,0.42,2,1,66.67,2,0,2,5,0,5,0.36,0.91,6,7,1.09,1.27,18,56,-38,3.28,10.19,
174,FREDRIK.CLAESSON,2016-2017,OTT,,33,403.77,161,128,118,39.56,28.99,31.45,0.58,0,0,NA,2,0,2,1,0,1,0.3,0.15,15,4,2.23,0.59,55,58,-3,8.17,8.62,
110,CODY.GOLOUBEF,2016-2017,COL,,32,469.82,119,149,174,26.92,39.37,33.71,0.41,0,0,NA,9,1,10,2,1,3,1.28,0.38,5,5,0.64,0.64,28,14,14,3.58,1.79,
223,JIRI.HUDLER,2016-2017,DAL,,32,306.89,99,74,68,41.08,28.22,30.71,0.59,3,1,75,2,0,2,2,0,2,0.39,0.39,5,12,0.98,2.35,4,8,-4,0.78,1.56,
281,KORBINIAN.HOLZER,2016-2017,ANA,,32,400.19,106,109,125,31.18,36.76,32.06,0.46,0,0,NA,7,1,8,1,1,2,1.2,0.3,10,1,1.5,0.15,64,47,17,9.6,7.05,
302,MAGNUS.PAAJARVI,2016-2017,STL,,32,355.68,104,111,110,32,33.85,34.15,0.49,1,2,33.33,2,0,2,5,0,5,0.34,0.84,0,10,0,1.69,29,37,-8,4.89,6.24,
1,ADAM.CLENDENING,2016-2017,NYR,,31,431.21,187,135,90,45.39,21.84,32.77,0.68,0,0,NA,6,1,7,4,1,5,0.97,0.7,18,6,2.5,0.83,20,64,-44,2.78,8.91,
488,TYLER.PITLICK,2016-2017,EDM,,31,297.5,91,97,87,33.09,31.64,35.27,0.51,6,7,46.15,3,0,3,2,0,2,0.61,0.4,7,2,1.41,0.4,69,32,37,13.92,6.45,
167,EVAN.RODRIGUES,2016-2017,BUF,,30,344.68,103,97,79,36.92,28.32,34.77,0.57,92,139,39.83,2,0,2,5,0,5,0.35,0.87,8,10,1.39,1.74,12,19,-7,2.09,3.31,
364,NATE.THOMPSON,2016-2017,ANA,,30,254.09,74,91,85,29.6,34,36.4,0.47,109,82,57.07,1,2,3,2,2,4,0.71,0.94,2,4,0.47,0.94,68,21,47,16.06,4.96,
28,ANTHONY.BITETTO,2016-2017,NSH,,29,326.21,110,89,79,39.57,28.42,32.01,0.58,0,0,NA,7,1,8,1,1,2,1.47,0.37,8,1,1.47,0.18,41,44,-3,7.54,8.09,
123,DALTON.PROUT,2016-2017,N.J,,29,375.22,117,109,104,35.45,31.52,33.03,0.53,0,0,NA,12,0,12,3,1,4,1.92,0.64,10,3,1.6,0.48,41,17,24,6.56,2.72,
386,NOEL.ACCIARI,2016-2017,BOS,,29,292.89,70,97,100,26.22,37.45,36.33,0.41,10,17,37.04,4,0,4,4,0,4,0.82,0.82,3,9,0.61,1.84,79,59,20,16.18,12.09,
450,SLATER.KOEKKOEK,2016-2017,T.B,,29,358.85,80,122,82,28.17,28.87,42.96,0.49,0,0,NA,3,0,3,4,0,4,0.5,0.67,7,1,1.17,0.17,24,52,-28,4.01,8.69,
373,NICK.SCHULTZ,2016-2017,PHI,,28,368.32,110,141,105,30.9,29.49,39.61,0.51,0,0,NA,4,0,4,0,0,0,0.65,0,11,2,1.79,0.33,39,48,-9,6.35,7.82,
87,CARTER.ROWNEY,2016-2017,PIT,,27,266.12,69,83,85,29.11,35.86,35.02,0.45,85,91,48.3,2,0,2,0,0,0,0.45,0,4,9,0.9,2.03,61,37,24,13.75,8.34,
248,JOSEPH.BLANDISI,2016-2017,N.J,,27,302.31,70,103,90,26.62,34.22,39.16,0.44,69,85,44.81,5,1,6,2,1,3,1.19,0.6,2,6,0.4,1.19,36,21,15,7.14,4.17,
426,RYAN.GARBUTT,2016-2017,ANA,,27,212.52,82,71,57,39.05,27.14,33.81,0.59,6,2,75,8,0,8,3,0,3,2.26,0.85,3,1,0.85,0.28,50,22,28,14.12,6.21,
429,RYAN.SPROUL,2016-2017,DET,,27,332.29,131,105,81,41.32,25.55,33.12,0.62,0,0,NA,2,0,2,1,0,1,0.36,0.18,5,4,0.9,0.72,12,26,-14,2.17,4.69,
460,TAYLOR.FEDUN,2016-2017,BUF,,27,320.05,95,92,80,35.58,29.96,34.46,0.54,0,0,NA,6,0,6,0,0,0,1.12,0,9,4,1.69,0.75,7,23,-16,1.31,4.31,
162,ERIC.GELINAS,2016-2017,COL,,26,295.63,99,76,95,36.67,35.19,28.15,0.51,0,1,0,6,0,6,1,0,1,1.22,0.2,6,3,1.22,0.61,32,22,10,6.49,4.47,
171,FREDDIE.HAMILTON,2016-2017,CGY,,26,244.09,39,86,83,18.75,39.9,41.35,0.32,70,47,59.83,4,0,4,5,0,5,0.98,1.23,2,3,0.49,0.74,46,19,27,11.31,4.67,
177,GARNET.HATHAWAY,2016-2017,CGY,,26,228.87,39,75,82,19.9,41.84,38.27,0.32,9,9,50,6,3,9,6,3,9,2.36,2.36,3,8,0.79,2.1,56,27,29,14.68,7.08,
325,MATT.GREENE,2016-2017,L.A,,26,307.13,111,97,77,38.95,27.02,34.04,0.59,0,0,NA,7,1,8,1,1,2,1.56,0.39,17,2,3.32,0.39,65,33,32,12.7,6.45,
410,PHILIP.LARSEN,2016-2017,VAN,,26,349.37,133,120,115,36.14,31.25,32.61,0.54,0,0,NA,2,0,2,0,0,0,0.34,0,13,4,2.23,0.69,11,25,-14,1.89,4.29,
452,STEPHEN.GIONTA,2016-2017,NYI,,26,250.43,66,91,77,28.21,32.91,38.89,0.46,40,45,47.06,1,0,1,5,0,5,0.24,1.2,5,5,1.2,1.2,54,25,29,12.94,5.99,
157,DYLAN.DEMELO,2016-2017,S.J,,25,348.77,94,122,82,31.54,27.52,40.94,0.53,0,0,NA,4,0,4,4,0,4,0.69,0.69,11,4,1.89,0.69,35,53,-18,6.02,9.12,
317,MARTIN.MARINCIN,2016-2017,TOR,,25,373.12,110,126,126,30.39,34.81,34.81,0.47,0,0,NA,7,0,7,5,0,5,1.13,0.8,13,6,2.09,0.96,25,28,-3,4.02,4.5,
437,SCOTT.MAYFIELD,2016-2017,NYI,,25,349.84,121,95,96,38.78,30.77,30.45,0.56,0,0,NA,5,3,8,4,3,7,1.37,1.2,11,8,1.89,1.37,37,33,4,6.35,5.66,
500,YOHANN.AUVITU,2016-2017,N.J,,25,331.02,114,96,61,42.07,22.51,35.42,0.65,0,0,NA,1,0,1,0,0,0,0.18,0,12,7,2.18,1.27,17,12,5,3.08,2.18,
184,HARRY.ZOLNIERCZYK,2016-2017,NSH,,24,210.2,45,67,59,26.32,34.5,39.18,0.43,6,11,35.29,6,0,6,6,0,6,1.71,1.71,1,7,0.29,2,25,36,-11,7.14,10.28,
274,KEVIN.CONNAUTON,2016-2017,ARI,,24,286.18,75,93,99,28.09,37.08,34.83,0.43,0,0,NA,7,0,7,2,0,2,1.47,0.42,4,3,0.84,0.63,46,24,22,9.64,5.03,
289,KYLE.RAU,2016-2017,FLA,,24,223.75,62,68,69,31.16,34.67,34.17,0.47,2,1,66.67,2,0,2,1,0,1,0.54,0.27,2,6,0.54,1.61,23,21,2,6.17,5.63,
318,MATT.BARTKOWSKI,2016-2017,CGY,,24,352.78,100,115,102,31.55,32.18,36.28,0.5,0,0,NA,4,2,6,1,2,3,1.02,0.51,13,3,2.21,0.51,45,21,24,7.65,3.57,
442,SETH.GRIFFITH,2016-2017,FLA,,24,265.04,94,85,65,38.52,26.64,34.84,0.59,0,5,0,4,0,4,4,0,4,0.91,0.91,6,4,1.36,0.91,28,21,7,6.34,4.75,
46,BLAKE.COLEMAN,2016-2017,N.J,,23,268.69,58,75,88,26.24,39.82,33.94,0.4,87,108,44.62,8,1,9,6,1,7,2.01,1.56,12,12,2.68,2.68,51,31,20,11.39,6.92,
245,JORDAN.WEAL,2016-2017,PHI,,23,287.9,101,104,65,37.41,24.07,38.52,0.61,11,10,52.38,4,0,4,2,0,2,0.83,0.42,6,14,1.25,2.92,6,44,-38,1.25,9.17,
31,ANTON.LANDER,2016-2017,EDM,,22,169.6,47,42,90,26.26,50.28,23.46,0.34,60,44,57.69,1,0,1,0,0,0,0.35,0,4,5,1.42,1.77,26,12,14,9.2,4.25,
348,MICHAL.ROZSIVAL,2016-2017,CHI,,22,306.89,92,73,68,39.48,29.18,31.33,0.57,0,0,NA,6,0,6,0,0,0,1.17,0,9,5,1.76,0.98,42,46,-4,8.21,8.99,
400,PAUL.LADUE,2016-2017,L.A,,22,296.98,106,76,65,42.91,26.32,30.77,0.62,0,0,NA,2,0,2,2,0,2,0.4,0.4,11,3,2.22,0.61,16,45,-29,3.23,9.09,
435,SCOTT.HARRINGTON,2016-2017,CBJ,,22,277.83,74,78,82,31.62,35.04,33.33,0.47,0,0,NA,5,0,5,2,0,2,1.08,0.43,4,3,0.86,0.65,19,37,-18,4.1,7.99,
66,BRETT.KULAK,2016-2017,CGY,,21,288.78,69,93,82,28.28,33.61,38.11,0.46,0,0,NA,6,0,6,1,0,1,1.25,0.21,9,4,1.87,0.83,14,15,-1,2.91,3.12,
403,PAUL.THOMPSON,2016-2017,FLA,,21,165.45,42,49,38,32.56,29.46,37.98,0.52,0,1,0,6,2,8,2,2,4,2.9,1.45,2,4,0.73,1.45,48,17,31,17.41,6.17,
499,YANNI.GOURDE,2016-2017,T.B,,20,252.45,61,86,55,30.2,27.23,42.57,0.53,50,72,40.98,4,0,4,4,0,4,0.95,0.95,3,9,0.71,2.14,10,34,-24,2.38,8.08,
502,ZACHARY.SANFORD,2016-2017,WSH,,20,191.48,58,62,46,34.94,27.71,37.35,0.56,10,8,55.56,2,0,2,1,0,1,0.63,0.31,8,9,2.51,2.82,11,20,-9,3.45,6.27,
22,ANDREJ.NESTRASIL,2016-2017,CAR,,19,193.09,52,59,50,32.3,31.06,36.65,0.51,2,7,22.22,2,0,2,0,0,0,0.62,0,7,11,2.18,3.42,8,14,-6,2.49,4.35,
306,MARCUS.SORENSEN,2016-2017,S.J,,19,191.13,59,62,57,33.15,32.02,34.83,0.51,2,0,100,2,0,2,2,0,2,0.63,0.63,11,9,3.45,2.83,15,24,-9,4.71,7.53,
337,MICHAEL.BOURNIVAL,2016-2017,T.B,,19,186.64,37,56,87,20.56,48.33,31.11,0.3,1,2,33.33,1,0,1,0,0,0,0.32,0,3,6,0.96,1.93,31,26,5,9.97,8.36,
420,ROBBIE.RUSSO,2016-2017,DET,,19,272.66,73,77,66,33.8,30.56,35.65,0.53,0,0,NA,2,0,2,1,0,1,0.44,0.22,11,0,2.42,0,23,46,-23,5.06,10.12,
506,ZACH.SANFORD,2016-2017,STL,,19,199.33,61,56,46,37.42,28.22,34.36,0.57,7,14,33.33,2,0,2,5,0,5,0.6,1.51,6,5,1.81,1.51,11,27,-16,3.31,8.13,
228,JOEL.VERMIN,2016-2017,T.B,,18,174.06,42,65,54,26.09,33.54,40.37,0.44,1,1,50,2,0,2,3,0,3,0.69,1.03,2,3,0.69,1.03,15,25,-10,5.17,8.62,
262,JULIAN.MELCHIORI,2016-2017,WPG,,18,309.29,76,120,97,25.94,33.11,40.96,0.44,0,0,NA,2,0,2,1,0,1,0.39,0.19,15,4,2.91,0.78,30,18,12,5.82,3.49,
459,TAYLOR.CHORNEY,2016-2017,WSH,,18,241.11,62,75,50,33.16,26.74,40.11,0.55,0,0,NA,2,1,3,0,1,1,0.75,0.25,7,3,1.74,0.75,27,26,1,6.72,6.47,
473,TOM.GILBERT,2016-2017,L.A,,18,228.08,72,65,57,37.11,29.38,33.51,0.56,0,0,NA,2,0,2,1,0,1,0.53,0.26,6,0,1.58,0,10,34,-24,2.63,8.94,
178,GEMEL.SMITH,2016-2017,DAL,,17,202.1,39,67,66,22.67,38.37,38.95,0.37,22,31,41.51,5,0,5,4,1,5,1.48,1.48,4,4,1.19,1.19,6,21,-15,1.78,6.23,
230,JOE.MORROW,2016-2017,BOS,,17,245.7,108,68,39,50.23,18.14,31.63,0.73,0,0,NA,3,0,3,1,0,1,0.73,0.24,7,1,1.71,0.24,28,30,-2,6.84,7.33,
353,MIKE.REILLY,2016-2017,MIN,,17,186.15,60,52,42,38.96,27.27,33.77,0.59,0,0,NA,1,0,1,2,0,2,0.32,0.64,4,0,1.29,0,2,21,-19,0.64,6.77,
51,BRAD.RICHARDSON,2016-2017,ARI,,16,199.52,41,74,91,19.9,44.17,35.92,0.31,91,79,53.53,2,0,2,0,0,0,0.6,0,2,7,0.6,2.11,17,15,2,5.11,4.51,
307,MAREK.HRIVIK,2016-2017,NYR,,16,159.59,42,51,44,30.66,32.12,37.23,0.49,32,47,40.51,0,0,0,1,0,1,0,0.38,2,4,0.75,1.5,19,22,-3,7.14,8.27,
505,ZACH.REDMOND,2016-2017,MTL,,16,195.44,49,61,53,30.06,32.52,37.42,0.48,0,0,NA,1,0,1,0,0,0,0.31,0,6,5,1.84,1.53,25,24,1,7.67,7.37,
8,ALES.HEMSKY,2016-2017,DAL,,15,183.4,66,76,70,31.13,33.02,35.85,0.49,0,0,NA,0,0,0,0,0,0,0,0,4,8,1.31,2.62,1,13,-12,0.33,4.25,
413,PONTUS.ABERG,2016-2017,NSH,,15,179.5,57,63,62,31.32,34.07,34.62,0.48,1,0,100,2,0,2,3,0,3,0.67,1,2,5,0.67,1.67,9,15,-6,3.01,5.01,
98,CHRIS.TERRY,2016-2017,MTL,,14,131.8,28,44,29,27.72,28.71,43.56,0.49,1,1,50,2,0,2,2,0,2,0.91,0.91,8,5,3.64,2.28,9,18,-9,4.1,8.19,
139,DEREK.DORSETT,2016-2017,VAN,,14,132.42,47,46,42,34.81,31.11,34.07,0.53,1,0,100,3,2,5,4,2,6,2.27,2.72,1,2,0.45,0.91,34,13,21,15.41,5.89,
153,DREW.SHORE,2016-2017,VAN,,14,153.32,33,51,37,27.27,30.58,42.15,0.47,33,32,50.77,2,0,2,1,0,1,0.78,0.39,5,4,1.96,1.57,21,14,7,8.22,5.48,
188,IIRO.PAKARINEN,2016-2017,EDM,,14,117.47,37,33,51,30.58,42.15,27.27,0.42,0,1,0,1,0,1,1,0,1,0.51,0.51,2,3,1.02,1.53,30,13,17,15.32,6.64,
392,PATRICK.BROWN,2016-2017,CAR,,14,134.33,26,40,33,26.26,33.33,40.4,0.44,9,6,60,0,0,0,0,0,0,0,0,3,2,1.34,0.89,30,18,12,13.4,8.04,
445,SHANE.HARPER,2016-2017,FLA,,14,142.98,50,48,50,33.78,33.78,32.43,0.5,0,0,NA,4,1,5,3,2,5,2.1,2.1,3,4,1.26,1.68,19,13,6,7.97,5.46,
49,BOYD.GORDON,2016-2017,PHI,,13,83.53,35,26,18,44.3,22.78,32.91,0.66,37,24,60.66,0,0,0,0,0,0,0,0,0,2,0,1.44,4,10,-6,2.87,7.18,
165,ERIK.CONDRA,2016-2017,T.B,,13,119.23,36,43,40,30.25,33.61,36.13,0.47,1,0,100,1,0,1,3,0,3,0.5,1.51,2,3,1.01,1.51,4,21,-17,2.01,10.57,
183,GUSTAV.OLOFSSON,2016-2017,MIN,,13,162.63,44,34,38,37.93,32.76,29.31,0.54,0,0,NA,1,0,1,0,0,0,0.37,0,1,3,0.37,1.11,10,16,-6,3.69,5.9,
250,JOSEPH.LABATE,2016-2017,VAN,,13,87.52,30,15,24,43.48,34.78,21.74,0.56,1,0,100,3,3,6,1,3,4,4.11,2.74,1,3,0.69,2.06,23,10,13,15.77,6.86,
284,KURTIS.GABRIEL,2016-2017,MIN,,13,75.27,28,31,13,38.89,18.06,43.06,0.68,0,0,NA,2,5,7,1,4,5,5.58,3.99,3,0,2.39,0,26,14,12,20.73,11.16,
477,TOM.SESTITO,2016-2017,PIT,,13,71.18,21,24,29,28.38,39.19,32.43,0.42,0,0,NA,6,3,9,2,3,5,7.59,4.21,2,0,1.69,0,19,8,11,16.02,6.74,
50,BRAD.HUNT,2016-2017,NSH,,12,161.35,52,52,54,32.91,34.18,32.91,0.49,0,0,NA,0,0,0,0,0,0,0,0,3,3,1.12,1.12,0,11,-11,0,4.09,
83,CAMERON.GAUNCE,2016-2017,PIT,,12,137.83,56,43,30,43.41,23.26,33.33,0.65,0,0,NA,4,1,5,2,1,3,2.18,1.31,5,1,2.18,0.44,23,12,11,10.01,5.22,
462,TEDDY.PURCELL,2016-2017,L.A,,12,142.6,43,60,42,29.66,28.97,41.38,0.51,2,0,100,0,0,0,0,0,0,0,0,3,2,1.26,0.84,7,14,-7,2.95,5.89,
77,BRYAN.BICKELL,2016-2017,CAR,,11,99.3,19,32,26,24.68,33.77,41.56,0.42,0,2,0,1,0,1,0,0,0,0.6,0,1,3,0.6,1.81,15,7,8,9.06,4.23,
81,CAL.O'REILLY,2016-2017,BUF,,11,77.15,18,20,19,31.58,33.33,35.09,0.49,26,30,46.43,0,0,0,0,0,0,0,0,1,3,0.78,2.33,2,2,0,1.56,1.56,
90,CASEY.NELSON,2016-2017,BUF,,11,134.83,46,53,43,32.39,30.28,37.32,0.52,0,0,NA,2,0,2,0,0,0,0.89,0,1,0,0.45,0,15,16,-1,6.68,7.12,
119,CORY.CONACHER,2016-2017,T.B,,11,105.43,35,51,24,31.82,21.82,46.36,0.59,1,1,50,2,0,2,4,0,4,1.14,2.28,6,5,3.41,2.85,1,11,-10,0.57,6.26,
143,DERRICK.POULIOT,2016-2017,PIT,,11,139.15,45,41,45,34.35,34.35,31.3,0.5,0,0,NA,2,0,2,0,0,0,0.86,0,4,2,1.72,0.86,14,14,0,6.04,6.04,
271,KARL.STOLLERY,2016-2017,N.J,,11,153.52,47,42,31,39.17,25.83,35,0.6,0,0,NA,5,0,5,4,0,4,1.95,1.56,5,3,1.95,1.17,25,13,12,9.77,5.08,
299,LUKE.GAZDIC,2016-2017,N.J,,11,78.15,12,31,28,16.9,39.44,43.66,0.3,0,0,NA,2,1,3,2,2,4,2.3,3.07,0,1,0,0.77,16,4,12,12.28,3.07,
453,STEVEN.KAMPFER,2016-2017,NYR,,11,141.75,64,49,31,44.44,21.53,34.03,0.67,0,0,NA,3,0,3,4,0,4,1.27,1.69,3,2,1.27,0.85,23,21,2,9.74,8.89,
455,STEVE.OLEKSY,2016-2017,PIT,,11,136.56,46,39,38,37.4,30.89,31.71,0.55,0,0,NA,7,2,9,1,2,3,3.95,1.32,1,1,0.44,0.44,17,27,-10,7.47,11.86,
457,TANNER.GLASS,2016-2017,NYR,,11,115.16,32,36,36,30.77,34.62,34.62,0.47,2,0,100,0,3,3,0,3,3,1.56,1.56,0,2,0,1.04,37,14,23,19.28,7.29,
508,ZACK.MITCHELL,2016-2017,MIN,,11,91.88,29,32,20,35.8,24.69,39.51,0.59,11,8,57.89,0,0,0,0,0,0,0,0,1,2,0.65,1.31,14,10,4,9.14,6.53,
47,BLAKE.PIETILA,2016-2017,N.J,,10,116.7,27,27,39,29.03,41.94,29.03,0.41,18,14,56.25,2,0,2,1,0,1,1.03,0.51,0,2,0,1.03,16,15,1,8.23,7.71,
252,JOSH.ARCHIBALD,2016-2017,PIT,,10,103.2,30,30,30,33.33,33.33,33.33,0.5,0,0,NA,2,0,2,2,0,2,1.16,1.16,2,0,1.16,0,28,13,15,16.28,7.56,
261,JUJHAR.KHAIRA,2016-2017,EDM,,10,89.6,19,24,35,24.36,44.87,30.77,0.35,7,11,38.89,1,0,1,0,0,0,0.67,0,2,1,1.34,0.67,19,7,12,12.72,4.69,
314,MARKUS.HANNIKAINEN,2016-2017,CBJ,,10,83.95,15,26,23,23.44,35.94,40.62,0.39,0,0,NA,2,0,2,1,0,1,1.43,0.71,0,0,0,0,16,14,2,11.44,10.01,
327,MATTHEW.PECA,2016-2017,T.B,,10,102.22,27,40,21,30.68,23.86,45.45,0.56,30,37,44.78,1,0,1,0,0,0,0.59,0,2,0,1.17,0,9,14,-5,5.28,8.22,
390,OSKAR.SUNDQVIST,2016-2017,PIT,,10,86.5,21,24,22,31.34,32.84,35.82,0.49,15,27,35.71,1,0,1,1,0,1,0.69,0.69,2,1,1.39,0.69,13,13,0,9.02,9.02,
408,PETTER.GRANBERG,2016-2017,NSH,,10,92.67,29,29,29,33.33,33.33,33.33,0.5,0,0,NA,5,0,5,1,0,1,3.24,0.65,1,0,0.65,0,17,15,2,11.01,9.71,
461,TAYLOR.LEIER,2016-2017,PHI,,10,87.02,23,35,24,28.05,29.27,42.68,0.49,0,1,0,2,0,2,2,0,2,1.38,1.38,0,2,0,1.38,7,17,-10,4.83,11.72,
107,CODY.BASS,2016-2017,NSH,,9,56.26,5,23,26,9.26,48.15,42.59,0.16,0,1,0,2,3,5,1,3,4,5.33,4.27,1,2,1.07,2.13,14,9,5,14.93,9.6,
172,FREDERICK.GAUDREAU,2016-2017,NSH,,9,76.09,21,29,34,25,40.48,34.52,0.38,4,7,36.36,0,0,0,1,0,1,0,0.79,1,1,0.79,0.79,1,5,-4,0.79,3.94,
195,JACOB.DE LA ROSE,2016-2017,MTL,,9,77.42,10,30,43,12.05,51.81,36.14,0.19,13,13,50,1,0,1,0,0,0,0.77,0,0,3,0,2.32,20,9,11,15.5,6.97,
266,JUSTIN.DOWLING,2016-2017,DAL,,9,89.6,14,33,30,18.18,38.96,42.86,0.32,37,29,56.06,2,0,2,0,0,0,1.34,0,1,3,0.67,2.01,1,7,-6,0.67,4.69,
443,SETH.HELGESON,2016-2017,N.J,,9,111.63,27,46,32,25.71,30.48,43.81,0.46,0,0,NA,0,3,3,1,2,3,1.61,1.61,0,0,0,0,15,6,9,8.06,3.22,
489,TY.RATTIE,2016-2017,CAR,,9,94.61,39,30,9,50,11.54,38.46,0.81,0,0,NA,0,0,0,3,0,3,0,1.9,0,4,0,2.54,10,7,3,6.34,4.44,
501,ZAC.DALPE,2016-2017,MIN,,9,76.84,17,30,18,26.15,27.69,46.15,0.49,26,31,45.61,2,1,3,2,1,3,2.34,2.34,0,3,0,2.34,5,4,1,3.9,3.12,
88,CASEY.BAILEY,2016-2017,OTT,,7,55.96,16,13,8,43.24,21.62,35.14,0.67,0,1,0,0,0,0,1,0,1,0,1.07,0,1,0,1.07,4,8,-4,4.29,8.58,
134,DAVID.WARSOFSKY,2016-2017,PIT,,7,95.22,41,31,26,41.84,26.53,31.63,0.61,0,0,NA,2,0,2,0,0,0,1.26,0,1,2,0.63,1.26,1,3,-2,0.63,1.89,
227,JOEL.HANLEY,2016-2017,MTL,,7,70.42,15,19,23,26.32,40.35,33.33,0.39,0,0,NA,2,0,2,1,0,1,1.7,0.85,3,1,2.56,0.85,8,16,-8,6.82,13.63,
273,KENNY.AGOSTINO,2016-2017,STL,,7,80.15,29,18,19,43.94,28.79,27.27,0.6,0,0,NA,1,0,1,1,0,1,0.75,0.75,4,1,2.99,0.75,9,7,2,6.74,5.24,
370,NICKLAS.JENSEN,2016-2017,NYR,,7,57.13,19,16,8,44.19,18.6,37.21,0.7,0,0,NA,0,0,0,0,0,0,0,0,0,2,0,2.1,7,5,2,7.35,5.25,
409,PETTERI.LINDBOHM,2016-2017,STL,,7,89.11,31,23,26,38.75,32.5,28.75,0.54,0,0,NA,2,0,2,1,0,1,1.35,0.67,1,1,0.67,0.67,9,7,2,6.06,4.71,
427,RYAN.JOHNSTON,2016-2017,MTL,,7,68.76,25,13,13,49.02,25.49,25.49,0.66,0,0,NA,2,0,2,0,0,0,1.75,0,2,1,1.75,0.87,1,10,-9,0.87,8.73,
79,BYRON.FROESE,2016-2017,T.B,,6,59.09,17,15,18,34,36,30,0.49,24,26,48,0,1,1,0,1,1,1.02,1.02,2,3,2.03,3.05,3,5,-2,3.05,5.08,
159,DYLAN.MCILRATH,2016-2017,NYR,,6,56,18,15,17,36,34,30,0.51,0,0,NA,2,2,4,1,2,3,4.29,3.21,3,1,3.21,1.07,15,4,11,16.07,4.29,
175,GABRIEL.BOURQUE,2016-2017,COL,,6,52.63,10,14,15,25.64,38.46,35.9,0.4,0,1,0,0,0,0,0,0,0,0,0,0,0,0,0,17,3,14,19.38,3.42,
240,JONNY.BRODZINSKI,2016-2017,L.A,,6,69.19,19,18,25,30.65,40.32,29.03,0.43,0,0,NA,1,0,1,1,0,1,0.87,0.87,1,2,0.87,1.73,9,11,-2,7.8,9.54,
322,MATT.CARLE,2016-2017,NSH,,6,74.69,24,19,22,36.92,33.85,29.23,0.52,0,0,NA,0,0,0,0,0,0,0,0,4,0,3.21,0,3,6,-3,2.41,4.82,
399,PAUL.CAREY,2016-2017,WSH,,6,59.07,7,11,15,21.21,45.45,33.33,0.32,0,0,NA,0,0,0,0,0,0,0,0,4,5,4.06,5.08,5,2,3,5.08,2.03,
6,AJ.GREER,2016-2017,COL,,5,63.8,28,30,27,32.94,31.76,35.29,0.51,0,0,NA,1,0,1,1,0,1,0.94,0.94,2,1,1.88,0.94,4,6,-2,3.76,5.64,
52,BRADY.AUSTIN,2016-2017,BUF,,5,77.38,33,17,20,47.14,28.57,24.29,0.62,0,0,NA,2,0,2,0,0,0,1.55,0,2,1,1.55,0.78,6,8,-2,4.65,6.2,
72,BRIAN.LASHOFF,2016-2017,DET,,5,60.71,21,23,12,37.5,21.43,41.07,0.64,0,0,NA,0,0,0,0,0,0,0,0,1,0,0.99,0,8,7,1,7.91,6.92,
73,BRIAN.STRAIT,2016-2017,WPG,,5,75.43,17,30,20,25.37,29.85,44.78,0.46,0,0,NA,0,0,0,0,0,0,0,0,0,0,0,0,5,2,3,3.98,1.59,
181,GRIFFEN.MOLINO,2016-2017,VAN,,5,52.94,10,14,6,33.33,20,46.67,0.62,0,0,NA,0,0,0,2,0,2,0,2.27,1,0,1.13,0,1,2,-1,1.13,2.27,
341,MICHAEL.KAPLA,2016-2017,N.J,,5,78.15,38,26,18,46.34,21.95,31.71,0.68,0,0,NA,0,0,0,0,0,0,0,0,3,2,2.3,1.54,4,6,-2,3.07,4.61,
350,MIIKKA.SALOMAKI,2016-2017,NSH,,5,55.04,14,15,15,31.82,34.09,34.09,0.48,0,0,NA,1,0,1,1,0,1,1.09,1.09,0,1,0,1.09,14,5,9,15.26,5.45,
358,MILAN.MICHALEK,2016-2017,TOR,,5,59.04,15,38,17,21.43,24.29,54.29,0.47,0,0,NA,1,0,1,0,0,0,1.02,0,0,2,0,2.03,7,7,0,7.11,7.11,
197,JACOB.LARSSON,2016-2017,ANA,,4,52.15,16,15,11,38.1,26.19,35.71,0.59,0,0,NA,1,0,1,0,0,0,1.15,0,0,0,0,0,1,5,-4,1.15,5.75,
,SHEA.THEODORE,2017-2018,VGK,Theodore 2018,,500,,,,,,,,,,,,,,,,,,,,,,1.37,,,,,,
132,DAVID.PERRON,VEGAS,STL,Perron,82,1115.2,319,369,410,29.05,37.34,33.61,0.44,16,17,48.48,21,0,21,23,0,23,1.13,1.24,14,42,0.75,2.26,76,94,-18,4.09,5.06,
296,LUCA.SBISA,VEGAS,VAN,LUCA.SBISA,82,1348.96,397,475,418,30.78,32.4,36.82,0.49,0,0,NA,12,2,14,7,2,9,0.62,0.4,45,17,2,0.76,122,155,-33,5.43,6.89,
412,PIERRE-EDOUARD.BELLEMARE,VEGAS,PHI,PIERRE-EDOUARD.BELLEMARE,82,797.37,191,240,211,29.75,32.87,37.38,0.48,305,272,52.86,5,2,7,7,2,9,0.53,0.68,9,15,0.68,1.13,64,99,-35,4.82,7.45,
144,DERYK.ENGELLAND,VEGAS,CGY,DERYK.ENGELLAND,81,1193.83,297,394,361,28.23,34.32,37.45,0.45,1,0,100,13,6,19,13,7,20,0.95,1.01,40,14,2.01,0.7,128,111,17,6.43,5.58,
495,WILLIAM.KARLSSON,VEGAS,CBJ,Karlsson,81,920.08,276,272,328,31.51,37.44,31.05,0.46,365,411,47.04,5,0,5,9,0,9,0.33,0.59,19,28,1.24,1.83,33,43,-10,2.15,2.8,
416,REILLY.SMITH,VEGAS,FLA,Smith,80,1062.82,362,388,395,31.62,34.5,33.89,0.48,3,1,75,5,1,6,5,1,6,0.34,0.34,22,37,1.24,2.09,67,69,-2,3.78,3.9,
14,ALEXEI.EMELIN,VEGAS,MTL,ALEXEI.EMELIN,76,1377.04,400,533,499,27.93,34.85,37.22,0.44,0,0,NA,28,0,28,16,0,16,1.22,0.7,61,11,2.66,0.48,212,207,5,9.24,9.02,
238,JONATHAN.MARCHESSAULT,VEGAS,FLA,Marchessault,75,996.77,328,290,257,37.49,29.37,33.14,0.56,77,85,47.53,12,0,12,10,0,10,0.72,0.6,35,58,2.11,3.49,91,74,17,5.48,4.45,
166,ERIK.HAULA,VEGAS,MIN,Haula,72,874.57,297,322,242,34.49,28.11,37.4,0.55,368,296,55.42,9,0,9,8,0,8,0.62,0.55,16,19,1.1,1.3,39,63,-24,2.68,4.32,
204,JAMES.NEAL,VEGAS,NSH,Neal,70,975.16,370,338,286,37.22,28.77,34,0.56,3,1,75,10,1,11,11,1,12,0.68,0.74,23,35,1.42,2.15,77,44,33,4.74,2.71,
215,JASON.GARRISON,VEGAS,T.B,JASON.GARRISON,70,1094.22,313,388,392,28.64,35.86,35.5,0.44,0,0,NA,6,0,6,1,0,1,0.33,0.05,27,7,1.48,0.38,77,88,-11,4.22,4.83,
303,MARC.METHOT,VEGAS,OTT,MARC.METHOT,68,1142.4,361,405,354,32.23,31.61,36.16,0.5,0,0,NA,9,0,9,6,0,6,0.47,0.32,35,8,1.84,0.42,144,61,83,7.56,3.2,
389,OSCAR.LINDBERG,VEGAS,NYR,OSCAR.LINDBERG,65,676.47,160,230,201,27.07,34.01,38.92,0.44,276,257,51.78,12,0,12,6,0,6,1.06,0.53,12,10,1.06,0.89,90,55,35,7.98,4.88,
99,CHRIS.THORBURN,VEGAS,WPG,CHRIS.THORBURN,64,399.55,94,127,113,28.14,33.83,38.02,0.45,12,11,52.17,13,13,26,6,13,19,3.9,2.85,2,4,0.3,0.6,86,35,51,12.91,5.26,
112,COLIN.MILLER,VEGAS,BOS,Miller,61,805.31,316,263,175,41.91,23.21,34.88,0.64,0,0,NA,15,2,17,13,2,15,1.27,1.12,24,14,1.79,1.04,77,75,2,5.74,5.59,
133,DAVID.SCHLEMKO,VEGAS,S.J,DAVID.SCHLEMKO,61,874.79,293,301,224,35.82,27.38,36.8,0.57,0,0,NA,7,0,7,4,0,4,0.48,0.27,41,22,2.81,1.51,34,113,-79,2.33,7.75,
108,CODY.EAKIN,VEGAS,DAL,Eakin,60,798.37,278,329,291,30.96,32.41,36.64,0.49,422,380,52.62,10,2,12,12,2,14,0.9,1.05,26,19,1.95,1.43,61,52,9,4.58,3.91,
363,NATE.SCHMIDT,VEGAS,WSH,Schmidt,60,858.5,270,258,186,37.82,26.05,36.13,0.59,0,0,NA,7,0,7,3,0,3,0.49,0.21,42,35,2.94,2.45,49,68,-19,3.42,4.75,
482,TREVOR.VAN RIEMSDYK,VEGAS,CHI,TREVOR.VAN RIEMSDYK,58,965.55,246,328,241,30.18,29.57,40.25,0.51,0,0,NA,8,1,9,2,1,3,0.56,0.19,32,20,1.99,1.24,22,82,-60,1.37,5.1,
239,JON.MERRILL,VEGAS,N.J,JON.MERRILL,51,835.5,170,253,249,25.3,37.05,37.65,0.41,0,0,NA,11,0,11,4,0,4,0.79,0.29,20,14,1.44,1.01,36,95,-59,2.59,6.82,
59,BRAYDEN.MCNABB,VEGAS,L.A,BRAYDEN.MCNABB,49,701.15,287,225,154,43.09,23.12,33.78,0.65,0,0,NA,12,6,18,4,6,10,1.54,0.86,30,9,2.57,0.77,106,85,21,9.07,7.27,
449,SHEA.THEODORE,VEGAS,ANA,Theodore,34,462.48,158,137,141,36.24,32.34,31.42,0.53,0,0,NA,8,0,8,4,0,4,1.04,0.52,27,4,3.5,0.52,12,21,-9,1.56,2.72,
106,CLAYTON.STONER,VEGAS,ANA,CLAYTON.STONER,14,210.5,63,83,69,29.3,32.09,38.6,0.48,0,0,NA,2,1,3,2,1,3,0.86,0.86,3,2,0.86,0.57,33,26,7,9.41,7.41,
463,TEEMU.PULKKINEN,VEGAS,ARI,TEEMU.PULKKINEN,13,114.51,26,39,20,30.59,23.53,45.88,0.57,0,1,0,1,0,1,1,0,1,0.52,0.52,6,2,3.14,1.05,4,11,-7,2.1,5.76,
471,TOMAS.NOSEK,VEGAS,DET,Nosek,11,500,21,23,38,25.61,46.34,28.05,0.36,34,29,53.97,1,0,1,1,0,1,0.55,0.55,3,5,1.66,2.77,10,17,-7,5.54,9.43,
18,ALEX.TUCH,VEGAS,MIN,Tuch,6,500,19,26,16,31.15,26.23,42.62,0.54,0,0,NA,0,0,0,0,0,0,0,0,0,2,0,1.87,5,8,-3,4.67,7.47,
,WILLIAM.CARRIER,VEGAS,BUF,Carrier,41,362.83,118,146,107,31.81,28.84,39.35,0.52,1,0,100,8,1,9,7,1,8,1.49,1.32,10,8,1.65,1.32,112,45,67,18.52,7.44,
